Price,Sales,Region,Product_Category,Discount,Discount_Flag,Price_Elasticity,Sales_Change_Pct,Year_Sold,Garage_Cars,Condition_1,Overall_Qual
208500.0,36,CollgCr,house,Normal|WD,0,0.0573022312373225,-0.0574017527366355,2008,2,Norm,7
181500.0,5,Veenker,house,Normal|WD,0,-0.1674311926605504,-0.2814814814814815,2007,2,Feedr,6
223500.0,36,CollgCr,house,Normal|WD,0,0.133367139959432,-0.0574017527366355,2008,2,Norm,7
140000.0,11,Crawfor,house,Abnorml|WD,1,-0.3021772071138049,,2006,3,Norm,7
250000.0,6,NoRidge,house,Normal|WD,0,-0.1708126036484245,0.0206953642384105,2008,3,Norm,8
143000.0,13,Mitchel,house,Normal|WD,0,-0.0684039087947882,-0.0030211480362537,2009,2,Norm,5
307000.0,24,Somerst,house,Normal|WD,0,0.3614190687361419,0.2154308617234469,2007,2,Norm,8
200000.0,21,NWAmes,house,Normal|WD,0,0.0934937124111536,0.0511363636363636,2009,2,PosN,7
129900.0,25,OldTown,house,Abnorml|WD,1,0.0915966386554621,0.1359649122807017,2008,2,Artery,7
118000.0,14,BrkSide,house,Normal|WD,0,-0.0506838294448913,-0.0834879406307977,2008,1,Artery,5
129500.0,13,Sawyer,house,Normal|WD,0,-0.0407407407407407,0.0387596899224806,2008,1,Norm,5
345000.0,17,NridgHt,house,Partial|New,1,0.0952380952380952,,2006,3,Norm,9
144000.0,13,Sawyer,house,Normal|WD,0,0.0666666666666666,0.0387596899224806,2008,1,Norm,5
279500.0,30,CollgCr,house,Partial|New,1,0.417342799188641,0.0078525,2007,3,Norm,7
157000.0,50,NAmes,house,Normal|WD,0,0.1214285714285714,0.0449640287769784,2008,1,Norm,6
132000.0,10,BrkSide,house,Normal|WD,0,0.0619469026548672,0.1768558951965065,2007,2,Norm,7
149000.0,33,NAmes,house,Normal|WD,0,0.0642857142857142,0.0719424460431654,2010,2,Norm,6
90000.0,17,Sawyer,apartment,Normal|WD,0,-0.3333333333333333,,2006,2,Norm,4
159000.0,11,SawyerW,house,Normal|WD,0,-0.1161756531406336,-0.1384615384615384,2008,2,RRAe,5
139000.0,45,NAmes,house,Abnorml|COD,1,-0.0071428571428571,-0.0430292598967297,2009,1,Norm,5
325300.0,17,NridgHt,house,Partial|New,1,0.0326984126984127,,2006,3,Norm,8
139400.0,12,IDOTRR,house,Normal|WD,0,0.3533980582524272,0.0957746478873239,2007,1,Norm,7
230000.0,36,CollgCr,house,Normal|WD,0,0.1663286004056795,-0.0574017527366355,2008,2,Norm,8
129900.0,4,MeadowV,house,Normal|WD,0,0.4761363636363636,-0.1559055118110236,2007,2,Norm,5
154000.0,16,Sawyer,house,Normal|WD,0,0.1407407407407407,-0.0437956204379562,2010,1,Norm,5
256300.0,22,NridgHt,house,Normal|WD,0,-0.1863492063492063,-0.2375246047024723,2009,3,Norm,8
134800.0,33,NAmes,house,Normal|WD,0,-0.0371428571428571,0.0719424460431654,2010,2,Norm,5
306000.0,8,NridgHt,house,Normal|WD,0,-0.0285714285714285,-0.0602836879432624,2010,3,Norm,8
207500.0,44,NAmes,house,Normal|WD,0,0.4821428571428571,,2006,1,Norm,5
68500.0,14,BrkSide,studio,Normal|WD,0,-0.4489139179404666,-0.0834879406307977,2008,1,Feedr,4
40000.0,7,IDOTRR,house,Normal|WD,0,-0.6116504854368932,-0.2330762639245929,2008,1,Feedr,4
149350.0,13,Sawyer,house,Normal|WD,0,0.1062962962962962,0.0387596899224806,2008,1,Norm,5
179900.0,36,CollgCr,house,Normal|WD,0,-0.0877281947261663,-0.0574017527366355,2008,2,Norm,8
165500.0,33,NAmes,house,Normal|WD,0,0.1821428571428571,0.0719424460431654,2010,2,Norm,5
277500.0,18,NridgHt,house,Normal|WD,0,-0.119047619047619,0.0079365079365079,2007,2,Norm,9
309000.0,17,NridgHt,house,Normal|WD,0,-0.019047619047619,,2006,3,Norm,8
145000.0,39,CollgCr,house,Normal|WD,0,-0.2647058823529412,0.0105263157894736,2009,2,Norm,5
153000.0,45,NAmes,house,Normal|WD,0,0.0928571428571428,-0.0430292598967297,2009,2,Norm,5
109000.0,33,NAmes,house,Abnorml|WD,1,-0.2214285714285714,0.0719424460431654,2010,1,Norm,5
82000.0,26,Edwards,apartment,AdjLand|WD,1,-0.3264887063655031,0.10625,2008,0,Norm,4
160000.0,44,NAmes,house,Abnorml|WD,1,0.1428571428571428,,2006,2,Norm,6
170000.0,11,Timber,house,Normal|WD,0,-0.2559360980413612,-0.044,2007,1,Norm,5
144000.0,12,SawyerW,house,Normal|WD,0,-0.1995553085047248,0.2458820005989817,2007,2,Norm,5
130250.0,36,CollgCr,house,Normal|WD,0,-0.3395030425963489,-0.0574017527366355,2008,1,Norm,5
141000.0,44,NAmes,house,Normal|WD,0,0.0071428571428571,,2006,1,Norm,5
319900.0,8,NridgHt,house,Normal|WD,0,0.0155555555555555,-0.0602836879432624,2010,2,Norm,9
239686.0,13,Mitchel,house,Abnorml|WD,1,0.5614723127035831,-0.0030211480362537,2009,2,Norm,7
249700.0,24,Somerst,house,Normal|WD,0,0.1073170731707317,0.2154308617234469,2007,3,Norm,8
113000.0,24,OldTown,house,Partial|New,1,-0.0504201680672268,-0.1525096525096525,2009,0,Norm,4
127000.0,17,Sawyer,house,Normal|WD,0,-0.0592592592592592,-0.1456953642384106,2007,1,Norm,5
177000.0,19,Gilbert,house,Normal|WD,0,-0.0220994475138121,-0.0413633894622487,2007,2,Norm,6
114500.0,15,BrkSide,house,Normal|WD,0,-0.078841512469831,,2006,2,Norm,6
110000.0,6,IDOTRR,apartment,Normal|WD,0,0.0679611650485436,0.0069176470588235,2010,2,RRNn,5
385000.0,3,Veenker,house,Normal|WD,0,0.7660550458715596,,2006,3,Norm,9
130000.0,53,NAmes,house,Normal|WD,0,-0.0714285714285714,0.016453382084095,2007,2,Norm,5
180500.0,50,NAmes,house,Normal|WD,0,0.2892857142857143,0.0449640287769784,2008,2,Norm,6
172500.0,18,Somerst,house,Abnorml|WD,1,-0.2350332594235033,0.068709010079669,2009,2,Norm,8
196500.0,32,CollgCr,house,Normal|WD,0,-0.0035496957403651,,2006,2,Norm,7
438780.0,6,StoneBr,house,Partial|New,1,0.5783453237410072,,2006,3,Norm,10
124900.0,36,CollgCr,house,Normal|WD,0,-0.3666328600405679,-0.0574017527366355,2008,1,Norm,5
158000.0,8,SawyerW,house,Partial|New,1,-0.1217342968315731,,2006,2,RRAe,6
101000.0,12,IDOTRR,house,Normal|WD,0,-0.0194174757281553,0.0957746478873239,2007,1,Norm,5
202500.0,18,NridgHt,house,Normal|WD,0,-0.3571428571428571,0.0079365079365079,2007,2,Norm,8
140000.0,14,OldTown,house,Normal|WD,0,0.1764705882352941,0.1298405466970387,2010,2,RRAn,7
219500.0,39,CollgCr,house,Normal|WD,0,0.1130831643002028,0.0105263157894736,2009,2,Norm,7
317000.0,18,NridgHt,house,Normal|WD,0,0.0063492063492063,0.0079365079365079,2007,3,Norm,8
180000.0,33,NAmes,house,Normal|WD,0,0.2857142857142857,0.0719424460431654,2010,2,PosA,7
226000.0,30,CollgCr,house,Normal|WD,0,0.1460446247464503,0.0078525,2007,2,Norm,7
80000.0,14,OldTown,house,Normal|WD,0,-0.3277310924369748,0.1298405466970387,2010,1,Artery,4
225000.0,6,ClearCr,house,Normal|WD,0,0.1235955056179775,,2006,2,Norm,7
244000.0,53,NAmes,house,Normal|WD,0,0.7428571428571429,0.016453382084095,2007,2,Norm,7
129500.0,11,Mitchel,house,Normal|WD,0,-0.1563517915309446,-0.1270358306188925,2007,2,Norm,4
185000.0,20,Gilbert,house,Normal|WD,0,0.0220994475138121,-0.0251001335113484,2009,2,Norm,7
144900.0,33,NAmes,house,Normal|WD,0,0.035,0.0719424460431654,2010,2,Norm,5
107400.0,14,OldTown,house,Normal|WD,0,-0.0974789915966386,0.1298405466970387,2010,1,Norm,3
91000.0,5,MeadowV,house,Normal|WD,0,0.034090909090909,-0.1020408163265306,2009,1,Norm,4
135750.0,50,NAmes,house,Normal|WD,0,-0.0303571428571428,0.0449640287769784,2008,1,Norm,4
127000.0,14,BrkSide,house,Normal|WD,0,0.0217216411906677,-0.0834879406307977,2008,1,Norm,5
136500.0,16,Sawyer,apartment,Normal|WD,0,0.0111111111111111,-0.0437956204379562,2010,0,Norm,4
110000.0,24,OldTown,house,Normal|WD,0,-0.0756302521008403,-0.1525096525096525,2009,2,Norm,5
193500.0,45,NAmes,house,Normal|WD,0,0.3821428571428571,-0.0430292598967297,2009,1,Norm,6
153500.0,11,Mitchel,house,Normal|WD,0,0.0,,2006,2,Norm,6
245000.0,20,Somerst,house,Normal|WD,0,0.0864745011086474,-0.0010882110469909,2008,3,Norm,8
126500.0,53,NAmes,house,Normal|COD,1,-0.0964285714285714,0.016453382084095,2007,2,Norm,5
168500.0,20,Gilbert,house,Normal|WD,0,-0.0690607734806629,-0.0251001335113484,2009,2,Norm,7
260000.0,9,NoRidge,house,Normal|WD,0,-0.1376451077943615,,2006,2,Norm,8
174000.0,20,Gilbert,house,Normal|WD,0,-0.0386740331491712,-0.0251001335113484,2009,2,Norm,6
164500.0,18,Somerst,house,Partial|New,1,-0.270509977827051,0.068709010079669,2009,2,Norm,6
85000.0,5,IDOTRR,house,Abnorml|ConLD,1,-0.174757281553398,-0.0502793296089385,2009,0,Feedr,3
123600.0,30,CollgCr,house,Normal|WD,0,-0.3732251521298174,0.0078525,2007,0,Norm,4
109900.0,44,NAmes,house,Normal|WD,0,-0.215,,2006,2,Norm,4
98600.0,44,NAmes,house,Abnorml|WD,1,-0.2957142857142857,,2006,2,Norm,5
163500.0,9,Crawfor,house,Normal|WD,0,-0.1850426668793364,-0.2209821428571428,2009,2,Norm,5
133900.0,24,OldTown,house,Normal|WD,0,0.1252100840336134,-0.0375685943436049,2007,2,Norm,6
204750.0,30,CollgCr,house,Normal|WD,0,0.0382860040567951,0.0078525,2007,2,Norm,6
185000.0,20,Gilbert,house,Normal|WD,0,0.0220994475138121,-0.0251001335113484,2009,2,Norm,6
214000.0,32,CollgCr,house,Normal|WD,0,0.0851926977687626,,2006,2,Norm,7
94750.0,17,Edwards,house,Normal|WD,0,-0.2217659137577002,-0.0769230769230769,2007,1,Norm,4
83000.0,11,Edwards,house,Abnorml|COD,1,-0.3182751540041068,-0.0446428571428571,2010,1,Norm,5
128950.0,33,NAmes,house,Normal|WD,0,-0.0789285714285714,0.0719424460431654,2010,0,Norm,4
205000.0,7,NWAmes,house,Normal|WD,0,0.1208310552214324,0.0621621621621621,2010,2,Norm,6
178000.0,13,SawyerW,house,Normal|WD,0,-0.0105614230127848,-0.0373174689021092,2010,2,Norm,6
118964.0,15,SawyerW,apartment,Alloca|WD,1,-0.3387215119510839,0.0318080357142857,2009,2,Norm,5
198900.0,13,CollgCr,house,Normal|WD,0,0.0086206896551724,0.0729166666666666,2010,3,Norm,7
169500.0,12,IDOTRR,house,Normal|WD,0,0.6456310679611651,0.0957746478873239,2007,1,Norm,7
250000.0,20,Somerst,house,Normal|WD,0,0.1086474501108647,-0.0010882110469909,2008,2,Norm,8
100000.0,24,OldTown,house,Normal|WD,0,-0.1596638655462184,-0.0375685943436049,2007,1,Norm,4
115000.0,25,OldTown,house,Partial|WD,1,-0.0336134453781512,0.1359649122807017,2008,1,Norm,5
115000.0,12,IDOTRR,house,Normal|WD,0,0.116504854368932,0.0957746478873239,2007,0,Artery,5
190000.0,7,NWAmes,house,Normal|COD,1,0.0388190267905959,0.0621621621621621,2010,2,Norm,6
136900.0,19,Edwards,house,Normal|WD,0,0.124435318275154,,2006,1,Norm,6
180000.0,6,Gilbert,house,Normal|WD,0,-0.005524861878453,0.0106820049301561,2010,2,Norm,7
383970.0,30,CollgCr,house,Partial|New,1,0.94710953346856,0.0078525,2007,3,Norm,7
217000.0,19,Crawfor,house,Abnorml|COD,1,0.0816253289736023,-0.0775908045977011,2007,2,Norm,6
259500.0,19,Crawfor,house,Normal|WD,0,0.2934643910997687,-0.0775908045977011,2007,1,Norm,6
176000.0,24,Somerst,house,Normal|WD,0,-0.2195121951219512,0.2154308617234469,2007,2,Norm,6
139000.0,11,Sawyer,house,Normal|WD,0,0.0296296296296296,0.0223880597014925,2009,1,Norm,5
155000.0,17,Edwards,house,Partial|New,1,0.2731006160164271,-0.0769230769230769,2007,2,Norm,5
320000.0,13,SawyerW,house,Normal|WD,0,0.7787659811006115,-0.0373174689021092,2010,3,Norm,7
163990.0,32,CollgCr,house,Partial|New,1,-0.1684077079107505,,2006,2,Norm,6
180000.0,6,ClearCr,house,Normal|WD,0,-0.1011235955056179,,2006,2,Norm,6
100000.0,12,IDOTRR,house,Normal|WD,0,-0.029126213592233,0.0957746478873239,2007,1,Norm,4
136000.0,50,NAmes,house,Normal|WD,0,-0.0285714285714285,0.0449640287769784,2008,1,Norm,6
153900.0,11,SawyerW,house,Normal|WD,0,-0.1445247359644246,-0.1384615384615384,2008,2,Norm,6
181000.0,21,NWAmes,house,Normal|WD,0,-0.0103881902679059,0.0511363636363636,2009,2,Norm,6
84500.0,7,IDOTRR,house,Normal|WD,0,-0.1796116504854369,,2006,0,Norm,6
128000.0,2,NPkVill,house,Normal|WD,0,-0.1232876712328767,,2007,2,Norm,6
87000.0,24,OldTown,house,Normal|WD,0,-0.2689075630252101,-0.0375685943436049,2007,0,Feedr,5
155000.0,44,NAmes,house,Normal|WD,0,0.1071428571428571,,2006,2,PosN,6
150000.0,44,NAmes,house,Abnorml|WD,1,0.0714285714285714,,2006,2,Norm,5
226000.0,44,NAmes,house,Normal|WD,0,0.6142857142857143,,2006,2,Norm,7
244000.0,20,Gilbert,house,Normal|WD,0,0.3480662983425414,-0.0251001335113484,2009,2,Norm,6
150750.0,53,NAmes,house,Normal|WD,0,0.0767857142857142,0.016453382084095,2007,2,Norm,5
220000.0,8,Timber,house,Normal|WD,0,-0.0370937739358792,-0.0292640314479143,2009,2,Norm,8
180000.0,17,Sawyer,house,Normal|WD,0,0.3333333333333333,,2006,2,Norm,5
174000.0,15,NWAmes,house,Normal|WD,0,-0.0486604702022963,-0.0042432814710042,2008,2,Norm,7
143000.0,53,NAmes,house,Normal|WD,0,0.0214285714285714,0.016453382084095,2007,1,Norm,5
171000.0,11,Mitchel,apartment,Family|WD,1,0.1140065146579804,,2006,3,Norm,7
230000.0,36,CollgCr,house,Normal|WD,0,0.1663286004056795,-0.0574017527366355,2008,3,Norm,8
231500.0,39,CollgCr,house,Normal|WD,0,0.1739350912778904,0.0105263157894736,2009,2,Norm,6
115000.0,33,NAmes,house,Normal|ConLI,1,-0.1785714285714285,0.0719424460431654,2010,0,Norm,4
260000.0,32,CollgCr,house,Normal|WD,0,0.3184584178498986,,2006,2,Norm,7
166000.0,33,NAmes,house,Normal|WD,0,0.1857142857142857,0.0719424460431654,2010,2,Artery,5
204000.0,39,CollgCr,house,Normal|WD,0,0.0344827586206896,0.0105263157894736,2009,2,Norm,7
125000.0,17,Sawyer,apartment,Abnorml|ConLI,1,-0.074074074074074,,2006,2,RRAe,5
130000.0,19,Edwards,house,Normal|WD,0,0.0677618069815195,,2006,2,Norm,6
105000.0,17,BrkSide,house,Normal|WD,0,-0.1552695092518101,0.0364372469635627,2009,1,Norm,5
222500.0,6,Gilbert,house,Normal|WD,0,0.2292817679558011,0.0106820049301561,2010,2,Norm,7
141000.0,11,SawyerW,house,Normal|WD,0,-0.2162312395775431,-0.1384615384615384,2008,0,Norm,7
115000.0,15,BrkSide,house,Normal|WD,0,-0.0748189863234111,,2006,1,Norm,5
122000.0,30,CollgCr,house,Normal|WD,0,-0.3813387423935091,0.0078525,2007,2,Norm,5
372402.0,12,NridgHt,house,Partial|New,1,0.1822285714285714,0.1648755905511811,2008,3,Norm,8
190000.0,18,NWAmes,house,Normal|WD,0,0.0388190267905959,,2006,2,Norm,6
235000.0,8,ClearCr,house,Normal|WD,0,0.1735330836454432,-0.0354767184035476,2008,2,Norm,6
125000.0,26,OldTown,house,Family|WD,1,0.0504201680672268,,2006,1,Norm,6
79000.0,26,Edwards,house,Normal|WD,0,-0.351129363449692,0.10625,2008,0,Artery,6
109500.0,44,NAmes,house,Normal|WD,0,-0.2178571428571428,,2006,2,Norm,5
269500.0,5,Timber,house,Partial|New,1,0.1795601269285479,-0.0330708661417322,2010,3,Norm,8
254900.0,8,Somerst,house,Normal|WD,0,0.1303769401330377,-0.1120263591433278,2010,2,Norm,7
320000.0,24,Gilbert,house,Partial|New,1,0.7679558011049724,,2006,2,Norm,7
162500.0,3,Veenker,house,Normal|WD,0,-0.2545871559633027,0.2654639175257732,2008,2,Norm,6
412500.0,12,NridgHt,house,Normal|WD,0,0.3095238095238095,0.1648755905511811,2008,3,Norm,9
220000.0,8,NridgHt,house,Partial|New,1,-0.3015873015873015,-0.0602836879432624,2010,2,Norm,7
103200.0,24,OldTown,house,Normal|WD,0,-0.1327731092436974,-0.0375685943436049,2007,0,Norm,4
152000.0,24,OldTown,house,Normal|WD,0,0.2773109243697479,-0.0375685943436049,2007,1,Norm,6
127500.0,26,Edwards,house,Normal|WD,0,0.0472279260780287,0.10625,2008,0,Norm,5
190000.0,4,ClearCr,house,Normal|COD,1,-0.0511860174781523,-0.2034482758620689,2009,1,Norm,5
325624.0,18,NridgHt,house,Partial|New,1,0.0337269841269841,0.0079365079365079,2007,3,Norm,8
183500.0,19,Gilbert,house,Normal|WD,0,0.0138121546961325,-0.0413633894622487,2007,2,Norm,7
228000.0,7,Timber,house,Normal|WD,0,-0.002079002079002,,2006,2,Norm,8
128500.0,24,OldTown,house,Normal|WD,0,0.0798319327731092,-0.0375685943436049,2007,2,Feedr,5
215000.0,33,NAmes,house,Normal|WD,0,0.5357142857142857,0.0719424460431654,2010,2,Norm,6
239000.0,6,StoneBr,house,Normal|WD,0,-0.1402877697841726,,2006,2,Norm,7
163000.0,50,NAmes,house,Normal|COD,1,0.1642857142857142,0.0449640287769784,2008,2,Norm,6
184000.0,7,Timber,house,Normal|WD,0,-0.1946602472918262,-0.0420502092050209,2008,2,Norm,6
243000.0,17,Edwards,house,Normal|WD,0,0.995893223819302,-0.0769230769230769,2007,2,Norm,6
211000.0,6,ClearCr,house,Normal|WD,0,0.0536828963795255,0.1868421052631579,2007,2,Norm,6
172500.0,17,Sawyer,house,Normal|WD,0,0.2777777777777778,,2006,2,Norm,5
501837.0,5,StoneBr,house,Partial|New,1,0.8051690647482015,0.1705263157894737,2009,3,Norm,9
100000.0,24,OldTown,house,Normal|WD,0,-0.1596638655462184,-0.0375685943436049,2007,2,Norm,5
177000.0,24,Somerst,house,Normal|WD,0,-0.2150776053215077,0.2154308617234469,2007,2,Norm,6
200100.0,11,Crawfor,house,Normal|WD,0,-0.0026118510248026,,2006,1,Norm,7
120000.0,17,Edwards,house,Normal|WD,0,-0.0143737166324435,-0.0769230769230769,2007,1,Artery,5
200000.0,25,OldTown,house,Normal|WD,0,0.680672268907563,0.1359649122807017,2008,2,Norm,7
127000.0,15,BrkSide,house,Normal|WD,0,0.0217216411906677,,2006,2,RRAn,5
475000.0,26,OldTown,house,Normal|WD,0,2.991596638655462,,2006,3,Artery,10
173000.0,13,Mitchel,house,Normal|WD,0,0.1270358306188925,-0.0030211480362537,2009,2,Norm,7
135000.0,24,OldTown,house,Normal|WD,0,0.134453781512605,-0.1525096525096525,2009,1,Norm,5
153337.0,15,SawyerW,apartment,Alloca|WD,1,-0.1476542523624235,0.0318080357142857,2009,2,Feedr,5
286000.0,4,StoneBr,house,Normal|WD,0,0.0287769784172661,-0.0537848605577689,2008,2,Norm,8
315000.0,19,Crawfor,house,Normal|WD,0,0.5701012839939389,-0.0775908045977011,2007,2,Norm,8
184000.0,53,NAmes,house,Normal|WD,0,0.3142857142857143,0.016453382084095,2007,2,Norm,7
192000.0,39,CollgCr,house,Normal|WD,0,-0.0263691683569979,0.0105263157894736,2009,2,Norm,7
130000.0,19,Edwards,house,Normal|WD,0,0.0677618069815195,,2006,2,Norm,7
127000.0,36,CollgCr,house,Normal|WD,0,-0.3559837728194726,-0.0574017527366355,2008,1,Norm,5
148500.0,4,NPkVill,house,Normal|WD,0,0.0171232876712328,0.0553571428571428,2009,2,Norm,6
311872.0,24,Somerst,house,Partial|New,1,0.3830243902439024,0.2154308617234469,2007,3,Norm,7
235000.0,44,NAmes,house,Abnorml|WD,1,0.6785714285714286,,2006,2,Artery,8
104000.0,24,OldTown,house,Abnorml|WD,1,-0.1260504201680672,-0.1525096525096525,2009,0,Norm,6
274900.0,22,NridgHt,house,Normal|WD,0,-0.1273015873015873,-0.2375246047024723,2009,3,Norm,8
140000.0,11,Edwards,house,Normal|WD,0,0.1498973305954825,-0.0446428571428571,2010,2,Norm,4
171500.0,10,Mitchel,house,Normal|WD,0,0.1172638436482084,0.2350746268656716,2008,2,Norm,6
112000.0,26,OldTown,house,Normal|COD,1,-0.0588235294117647,,2006,1,Artery,6
149000.0,36,CollgCr,house,Normal|WD,0,-0.2444219066937119,-0.0574017527366355,2008,2,Norm,6
110000.0,24,OldTown,house,Normal|WD,0,-0.0756302521008403,-0.1525096525096525,2009,1,Norm,5
180500.0,20,Gilbert,house,Normal|WD,0,-0.0027624309392265,-0.0251001335113484,2009,2,Norm,7
143900.0,17,Sawyer,house,Normal|WD,0,0.0659259259259259,-0.1456953642384106,2007,1,RRAe,5
141000.0,50,NAmes,house,Normal|WD,0,0.0071428571428571,0.0449640287769784,2008,1,Norm,4
277000.0,12,SawyerW,house,Normal|WD,0,0.5397443023902168,0.2458820005989817,2007,2,Norm,7
145000.0,50,NAmes,house,Normal|WD,0,0.0357142857142857,0.0449640287769784,2008,2,Norm,6
98000.0,26,Edwards,house,Normal|WD,0,-0.1950718685831622,0.10625,2008,0,Norm,5
186000.0,11,Edwards,house,Normal|WD,0,0.5277207392197125,-0.0446428571428571,2010,2,Norm,6
252678.0,18,Somerst,house,Partial|New,1,0.1205232815964523,0.068709010079669,2009,2,Norm,7
156000.0,32,CollgCr,house,Normal|WD,0,-0.2089249492900608,,2006,2,Norm,5
161750.0,13,CollgCr,house,Normal|WD,0,-0.1797667342799188,0.0729166666666666,2010,1,Norm,6
134450.0,44,NAmes,house,Normal|WD,0,-0.0396428571428571,,2006,1,Norm,5
210000.0,36,CollgCr,house,Normal|WD,0,0.0649087221095334,-0.0574017527366355,2008,2,Norm,7
107000.0,26,OldTown,house,Family|WD,1,-0.1008403361344537,,2006,1,Norm,4
311500.0,9,Crawfor,house,Normal|WD,0,0.552655714171784,0.1165164686179121,2008,2,Norm,7
167240.0,7,Blmngtn,house,Partial|New,1,-0.1243979057591623,,2006,2,Norm,7
204900.0,32,CollgCr,house,Partial|New,1,0.0390466531440162,,2006,2,Norm,7
200000.0,20,Gilbert,house,Normal|ConLI,1,0.1049723756906077,-0.0251001335113484,2009,2,Norm,6
179900.0,18,NWAmes,house,Normal|WD,0,-0.0164024056861673,,2006,2,RRAn,6
97000.0,45,NAmes,house,Abnorml|WD,1,-0.3071428571428571,-0.0430292598967297,2009,2,Norm,4
386250.0,22,NridgHt,house,Normal|WD,0,0.2261904761904762,-0.2375246047024723,2009,3,Norm,10
112000.0,4,BrDale,house,Abnorml|COD,1,0.0566037735849056,0.2532981530343008,2009,1,Norm,5
290000.0,11,NoRidge,house,Abnorml|WD,1,-0.0381426202321724,0.0785714285714285,2007,3,Norm,7
106000.0,4,BrDale,house,Normal|WD,0,0.0,-0.161504424778761,2008,1,Norm,6
125000.0,16,Sawyer,house,Normal|WD,0,-0.074074074074074,-0.0437956204379562,2010,1,Feedr,5
192500.0,5,Blmngtn,house,Normal|WD,0,0.0078534031413612,0.0025791191097051,2009,2,Norm,7
148000.0,33,NAmes,house,Normal|WD,0,0.0571428571428571,0.0719424460431654,2010,1,Norm,6
403000.0,8,NoRidge,house,Normal|WD,0,0.3366500829187396,0.0916463909164639,2009,3,Norm,8
94500.0,4,BrDale,house,Normal|WD,0,-0.1084905660377358,,2006,1,Norm,6
128200.0,13,CollgCr,house,Normal|WD,0,-0.3498985801217038,0.0729166666666666,2010,1,Norm,5
216500.0,6,Gilbert,house,Normal|WD,0,0.1961325966850828,0.0106820049301561,2010,2,Norm,6
89500.0,4,BrDale,house,Normal|WD,0,-0.1556603773584905,-0.161504424778761,2008,1,Norm,6
185500.0,13,CollgCr,house,Normal|WD,0,-0.0593306288032454,0.0729166666666666,2010,2,Norm,7
194500.0,13,SawyerW,house,Normal|WD,0,0.0811561978877154,-0.0373174689021092,2010,2,RRNe,7
318000.0,18,NridgHt,house,Partial|New,1,0.0095238095238095,0.0079365079365079,2007,3,Norm,8
113000.0,11,Edwards,house,Normal|WD,0,-0.0718685831622176,-0.0446428571428571,2010,1,Norm,6
262500.0,8,Somerst,house,Normal|WD,0,0.164079822616408,-0.1120263591433278,2010,2,Norm,8
110500.0,24,OldTown,house,Normal|WD,0,-0.0714285714285714,-0.0375685943436049,2007,0,Norm,5
79000.0,26,OldTown,house,Normal|WD,0,-0.3361344537815126,,2006,1,Norm,5
120000.0,15,SawyerW,house,Normal|WD,0,-0.3329627570872707,0.0318080357142857,2009,1,Norm,6
205000.0,13,SawyerW,house,Normal|WD,0,0.1395219566425792,-0.0373174689021092,2010,2,Norm,7
241500.0,18,NWAmes,house,Normal|WD,0,0.320393657736468,,2006,2,Norm,7
137000.0,26,OldTown,house,Normal|WD,0,0.1512605042016806,,2006,1,Norm,6
140000.0,44,NAmes,house,Normal|WD,0,0.0,,2006,2,Norm,6
180000.0,30,CollgCr,house,Normal|WD,0,-0.0872210953346856,0.0078525,2007,2,Norm,7
277000.0,6,ClearCr,house,Normal|WD,0,0.383270911360799,0.1868421052631579,2007,2,Norm,6
76500.0,2,BrkSide,house,Normal|WD,0,-0.3845534995977474,-0.24609375,2010,0,Norm,3
235000.0,19,Crawfor,house,Family|WD,1,0.1713454023446846,-0.0775908045977011,2007,2,Norm,8
173000.0,11,SawyerW,house,Normal|WD,0,-0.0383546414674819,-0.1384615384615384,2008,2,Norm,6
158000.0,53,NAmes,house,Normal|CWD,1,0.1285714285714285,0.016453382084095,2007,1,Norm,6
145000.0,33,NAmes,house,Normal|WD,0,0.0357142857142857,0.0719424460431654,2010,1,Norm,5
230000.0,24,Gilbert,house,Normal|WD,0,0.2707182320441988,,2006,2,Norm,7
207500.0,20,Somerst,house,Normal|WD,0,-0.0798226164079822,-0.0010882110469909,2008,2,Norm,6
220000.0,39,CollgCr,house,Abnorml|WD,1,0.1156186612576064,0.0105263157894736,2009,2,Norm,7
231500.0,36,CollgCr,house,Normal|WD,0,0.1739350912778904,-0.0574017527366355,2008,2,Norm,7
97000.0,25,OldTown,house,Normal|WD,0,-0.1848739495798319,0.1359649122807017,2008,1,Norm,5
176000.0,45,NAmes,house,Normal|WD,0,0.2571428571428571,-0.0430292598967297,2009,2,Artery,6
276000.0,30,CollgCr,house,Partial|New,1,0.3995943204868154,0.0078525,2007,3,Norm,8
151000.0,17,Sawyer,house,Normal|WD,0,0.1185185185185185,,2006,2,Norm,6
130000.0,14,OldTown,house,Normal|WD,0,0.0924369747899159,0.1298405466970387,2010,2,Norm,5
73000.0,25,OldTown,house,Normal|WD,0,-0.3865546218487395,0.1359649122807017,2008,2,Artery,5
175500.0,15,NWAmes,house,Normal|WD,0,-0.0404592673592126,-0.0042432814710042,2008,2,Norm,6
185000.0,24,Gilbert,house,Normal|WD,0,0.0220994475138121,,2006,2,Norm,6
179500.0,8,SWISU,house,Normal|WD,0,0.2867383512544803,-0.2736,2008,1,Norm,5
120500.0,7,IDOTRR,house,Normal|WD,0,0.1699029126213592,-0.2330762639245929,2008,1,Norm,5
148000.0,17,Edwards,house,Normal|WD,0,0.2156057494866529,-0.0769230769230769,2007,1,Norm,6
266000.0,16,Somerst,house,Partial|New,1,0.17960088691796,,2006,3,Norm,8
241500.0,8,ClearCr,house,Normal|WD,0,0.2059925093632958,-0.0354767184035476,2008,2,Norm,7
290000.0,7,NoRidge,house,Normal|WD,0,-0.0381426202321724,-0.138187221396731,2010,3,Norm,8
139000.0,45,NAmes,house,Normal|WD,0,-0.0071428571428571,-0.0430292598967297,2009,1,Feedr,6
124500.0,11,Mitchel,house,Normal|WD,0,-0.1889250814332247,-0.1270358306188925,2007,1,Norm,5
205000.0,17,BrkSide,house,Normal|WD,0,0.6492357200321802,0.0364372469635627,2009,2,Norm,7
201000.0,4,Mitchel,house,Normal|WD,0,0.3094462540716612,-0.0066666666666666,2010,2,Norm,7
141000.0,6,Gilbert,house,Normal|WD,0,-0.2209944751381215,0.0106820049301561,2010,2,Norm,4
415298.0,18,NridgHt,house,Partial|New,1,0.3184063492063492,0.0079365079365079,2007,3,Norm,9
192000.0,8,ClearCr,house,Normal|WD,0,-0.0411985018726591,-0.0354767184035476,2008,2,Norm,7
228500.0,12,SawyerW,house,Normal|WD,0,0.2701500833796553,0.2458820005989817,2007,2,Norm,7
185000.0,16,Somerst,house,Partial|New,1,-0.17960088691796,,2006,2,Norm,6
207500.0,22,NridgHt,house,Normal|ConLw,1,-0.3412698412698413,-0.2375246047024723,2009,2,Norm,7
244600.0,18,Somerst,house,Partial|New,1,0.08470066518847,0.068709010079669,2009,3,Feedr,8
179200.0,12,SawyerW,house,Normal|WD,0,-0.0038910505836575,0.2458820005989817,2007,2,Norm,6
164700.0,24,Somerst,house,Partial|New,1,-0.2696230598669623,0.2154308617234469,2007,2,Norm,7
159000.0,44,NAmes,house,Normal|WD,0,0.1357142857142857,,2006,2,Norm,6
88000.0,44,NAmes,house,Normal|WD,0,-0.3714285714285714,,2006,0,Norm,4
122000.0,16,Sawyer,house,Normal|WD,0,-0.0962962962962963,-0.0437956204379562,2010,1,Norm,5
153575.0,10,BrkSide,house,Normal|WD,0,0.2355189058728881,0.1768558951965065,2007,1,RRAn,6
233230.0,32,CollgCr,house,Partial|New,1,0.1827079107505071,,2006,2,Norm,8
135900.0,8,SWISU,house,Normal|WD,0,-0.0258064516129032,-0.2736,2008,0,Norm,5
131000.0,27,Edwards,house,Normal|WD,0,0.0759753593429158,-0.1563088512241054,2009,1,Norm,5
235000.0,18,NWAmes,house,Normal|WD,0,0.2848551120831055,,2006,2,PosA,7
167000.0,45,NAmes,house,Normal|WD,0,0.1928571428571428,-0.0430292598967297,2009,2,Norm,6
142500.0,11,Mitchel,house,Normal|WD,0,-0.0716612377850162,,2006,2,Norm,6
152000.0,12,IDOTRR,house,Normal|WD,0,0.4757281553398058,0.0957746478873239,2007,1,Norm,5
239000.0,24,Somerst,house,Normal|WD,0,0.0598669623059867,0.2154308617234469,2007,2,Norm,7
175000.0,12,NWAmes,house,Normal|WD,0,-0.0431930016402405,-0.0697368421052631,2007,2,Norm,6
158500.0,9,Crawfor,house,Family|WD,1,-0.2099649094824148,-0.2209821428571428,2009,1,Norm,6
157000.0,11,Crawfor,house,Normal|WD,0,-0.2174415822633383,,2006,1,Norm,5
267000.0,30,CollgCr,house,Normal|WD,0,0.3539553752535497,0.0078525,2007,2,Norm,8
205000.0,32,CollgCr,house,Normal|WD,0,0.0395537525354969,,2006,3,Norm,7
149900.0,32,CollgCr,house,Abnorml|WD,1,-0.2398580121703853,,2006,2,Norm,5
295000.0,25,OldTown,house,Normal|WD,0,1.4789915966386555,0.1359649122807017,2008,3,Norm,7
305900.0,30,CollgCr,house,Normal|WD,0,0.5512170385395537,0.0078525,2007,3,Norm,8
225000.0,12,SawyerW,house,Normal|WD,0,0.2506948304613674,0.2458820005989817,2007,3,Feedr,7
89500.0,7,IDOTRR,house,Normal|WD,0,-0.1310679611650485,-0.2330762639245929,2008,0,Artery,6
82500.0,27,Edwards,house,Normal|WD,0,-0.3223819301848049,-0.1563088512241054,2009,2,Norm,4
360000.0,17,NridgHt,house,Normal|WD,0,0.1428571428571428,,2006,3,Norm,9
165600.0,24,Gilbert,house,Normal|WD,0,-0.0850828729281767,,2006,2,Norm,6
132000.0,45,NAmes,house,Normal|WD,0,-0.0571428571428571,-0.0430292598967297,2009,1,Norm,6
119900.0,26,OldTown,house,Normal|WD,0,0.007563025210084,,2006,2,Artery,5
375000.0,8,Timber,house,Normal|WD,0,0.641317430791115,-0.0292640314479143,2009,2,Norm,7
178000.0,26,OldTown,house,Normal|WD,0,0.4957983193277311,,2006,2,Norm,7
188500.0,20,Gilbert,house,Normal|WD,0,0.0414364640883977,-0.0251001335113484,2009,2,Norm,7
260000.0,21,NWAmes,house,Normal|WD,0,0.4215418261344997,0.0511363636363636,2009,2,Norm,7
270000.0,24,Somerst,house,Normal|WD,0,0.1973392461197339,0.2154308617234469,2007,3,Norm,8
260000.0,8,NoRidge,house,Normal|WD,0,-0.1376451077943615,0.0916463909164639,2009,3,Norm,7
187500.0,21,NWAmes,house,Normal|WD,0,0.0251503553854565,0.0511363636363636,2009,2,Norm,7
342643.0,17,NridgHt,house,Partial|New,1,0.0877555555555555,,2006,3,Norm,9
354000.0,18,NridgHt,house,Normal|WD,0,0.1238095238095238,0.0079365079365079,2007,3,Norm,8
301000.0,12,SawyerW,house,Normal|WD,0,0.6731517509727627,0.2458820005989817,2007,2,Norm,7
126175.0,26,OldTown,house,Normal|WD,0,0.0602941176470588,,2006,1,Norm,3
242000.0,33,NAmes,house,Normal|WD,0,0.7285714285714285,0.0719424460431654,2010,2,PosN,7
87000.0,12,IDOTRR,house,Normal|WD,0,-0.1553398058252427,0.0957746478873239,2007,2,RRAe,5
324000.0,3,Veenker,house,Normal|Con,0,0.4862385321100917,0.2654639175257732,2008,2,Norm,8
145250.0,44,NAmes,house,Normal|WD,0,0.0375,,2006,1,Norm,6
214500.0,17,BrkSide,house,Normal|WD,0,0.7256637168141593,0.0364372469635627,2009,2,PosN,6
78000.0,5,IDOTRR,house,Normal|WD,0,-0.2427184466019417,-0.0502793296089385,2009,1,Norm,5
119000.0,53,NAmes,apartment,Normal|WD,0,-0.15,0.016453382084095,2007,1,Norm,5
139000.0,53,NAmes,house,Normal|WD,0,-0.0071428571428571,0.016453382084095,2007,1,Norm,5
284000.0,22,NridgHt,house,Normal|WD,0,-0.0984126984126984,-0.2375246047024723,2009,3,Norm,8
207000.0,12,NridgHt,house,Normal|WD,0,-0.3428571428571428,0.1648755905511811,2008,2,Norm,7
192000.0,10,Gilbert,house,Normal|WD,0,0.0607734806629834,0.0609966852707028,2008,2,Norm,6
228950.0,7,Timber,house,Normal|WD,0,0.002079002079002,-0.0420502092050209,2008,2,Norm,5
377426.0,5,StoneBr,house,Normal|WD,0,0.3576474820143885,-0.2627610626227202,2007,3,Norm,9
214000.0,36,CollgCr,house,Normal|WD,0,0.0851926977687626,-0.0574017527366355,2008,2,Norm,7
202500.0,18,NWAmes,house,Normal|WD,0,0.107162383816293,,2006,2,Norm,7
155000.0,45,NAmes,house,Normal|WD,0,0.1071428571428571,-0.0430292598967297,2009,1,Feedr,6
202900.0,5,Timber,house,Normal|WD,0,-0.111937848779954,-0.0330708661417322,2010,2,Norm,8
82000.0,15,SawyerW,house,Normal|WD,0,-0.5441912173429683,0.0318080357142857,2009,1,Feedr,4
87500.0,44,NAmes,apartment,Normal|WD,0,-0.375,,2006,2,Norm,3
266000.0,12,NridgHt,house,Normal|WD,0,-0.1555555555555555,0.1648755905511811,2008,2,Norm,9
85000.0,3,MeadowV,house,Normal|WD,0,-0.034090909090909,-0.0511363636363636,2010,1,Norm,5
140200.0,15,BrkSide,house,Normal|WD,0,0.1279163314561544,,2006,1,RRAn,6
151500.0,53,NAmes,house,Normal|WD,0,0.0821428571428571,0.016453382084095,2007,1,Norm,6
157500.0,45,NAmes,house,Normal|WD,0,0.125,-0.0430292598967297,2009,2,Norm,6
154000.0,12,NridgHt,house,Normal|WD,0,-0.5111111111111111,0.1648755905511811,2008,2,Norm,7
437154.0,17,NridgHt,house,Partial|New,1,0.3877904761904762,,2006,3,Norm,9
318061.0,18,NridgHt,house,Partial|New,1,0.0097174603174603,0.0079365079365079,2007,2,Norm,9
190000.0,6,ClearCr,house,Abnorml|WD,1,-0.0511860174781523,,2006,2,Norm,7
95000.0,26,Edwards,house,Normal|ConLw,1,-0.2197125256673511,0.10625,2008,1,Artery,5
105900.0,14,OldTown,house,Normal|WD,0,-0.1100840336134453,0.1298405466970387,2010,2,Norm,6
140000.0,4,SWISU,house,Normal|WD,0,0.003584229390681,,2006,1,Norm,6
177500.0,30,CollgCr,house,Normal|WD,0,-0.0998985801217038,0.0078525,2007,2,Norm,6
173000.0,20,Gilbert,house,Normal|WD,0,-0.0441988950276243,-0.0251001335113484,2009,2,Norm,6
134000.0,4,MeadowV,house,Normal|WD,0,0.5227272727272727,-0.1559055118110236,2007,2,Norm,5
130000.0,6,ClearCr,house,Abnorml|WD,1,-0.3508114856429463,,2006,1,Norm,5
280000.0,9,NoRidge,house,Normal|WD,0,-0.0713101160862354,,2006,2,Norm,8
156000.0,11,Mitchel,house,Normal|WD,0,0.01628664495114,-0.1270358306188925,2007,2,Norm,6
145000.0,14,BrkSide,house,Normal|WD,0,0.166532582461786,-0.0834879406307977,2008,1,Norm,5
198500.0,27,Edwards,house,Normal|ConLD,1,0.6303901437371663,-0.1563088512241054,2009,2,Norm,7
118000.0,4,BrDale,house,Normal|WD,0,0.1132075471698113,0.2532981530343008,2009,1,Norm,6
190000.0,18,NWAmes,house,Normal|WD,0,0.0388190267905959,,2006,2,Norm,6
147000.0,5,IDOTRR,house,Normal|WD,0,0.4271844660194174,-0.0502793296089385,2009,1,Norm,5
159000.0,45,NAmes,house,Normal|WD,0,0.1357142857142857,-0.0430292598967297,2009,2,Norm,6
165000.0,50,NAmes,house,Normal|WD,0,0.1785714285714285,0.0449640287769784,2008,1,Norm,6
132000.0,33,NAmes,house,Normal|WD,0,-0.0571428571428571,0.0719424460431654,2010,1,Norm,5
162000.0,33,NAmes,house,Normal|WD,0,0.1571428571428571,0.0719424460431654,2010,2,Norm,5
172400.0,24,Gilbert,house,Normal|WD,0,-0.0475138121546961,,2006,2,Norm,6
134432.0,8,ClearCr,house,Normal|WD,0,-0.3286791510611735,-0.0354767184035476,2008,2,Feedr,4
125000.0,13,SawyerW,house,Normal|WD,0,-0.3051695386325737,-0.0373174689021092,2010,1,Norm,6
123000.0,45,NAmes,house,Normal|WD,0,-0.1214285714285714,-0.0430292598967297,2009,1,Norm,5
219500.0,30,CollgCr,house,Normal|WD,0,0.1130831643002028,0.0078525,2007,2,Norm,7
61000.0,27,Edwards,house,Normal|WD,0,-0.4989733059548255,-0.1563088512241054,2009,0,Norm,1
148000.0,32,CollgCr,house,Normal|WD,0,-0.2494929006085192,,2006,2,Norm,5
340000.0,24,Somerst,house,Normal|WD,0,0.5077605321507761,0.2154308617234469,2007,2,Norm,8
394432.0,5,StoneBr,house,Partial|New,1,0.4188201438848921,-0.1492805755395683,2010,3,Norm,9
179000.0,20,Gilbert,house,Normal|WD,0,-0.011049723756906,-0.0251001335113484,2009,2,RRAn,6
127000.0,3,SWISU,house,Normal|WD,0,-0.089605734767025,-0.1001757469244288,2010,1,Norm,5
187750.0,16,Somerst,house,Partial|New,1,-0.1674057649667406,,2006,2,Norm,7
213500.0,30,CollgCr,house,Normal|WD,0,0.082657200811359,0.0078525,2007,2,Norm,7
76000.0,15,SawyerW,house,Normal|WD,0,-0.5775430794886047,0.0318080357142857,2009,2,Norm,6
240000.0,6,ClearCr,house,Normal|WD,0,0.198501872659176,0.1868421052631579,2007,2,Feedr,6
192000.0,1,Blmngtn,house,Normal|WD,0,0.0052356020942408,0.0915292779988629,2010,2,Norm,8
81000.0,19,Edwards,house,AdjLand|WD,1,-0.3347022587268994,,2006,0,Feedr,5
125000.0,27,Edwards,house,Abnorml|WD,1,0.0266940451745379,-0.1563088512241054,2009,1,Norm,6
191000.0,36,CollgCr,house,Normal|WD,0,-0.0314401622718052,-0.0574017527366355,2008,2,Norm,7
426000.0,12,NridgHt,house,Partial|New,1,0.3523809523809524,0.1648755905511811,2008,3,Norm,10
119000.0,26,Edwards,house,Normal|WD,0,-0.0225872689938398,0.10625,2008,1,Norm,5
215000.0,13,Mitchel,house,Normal|WD,0,0.4006514657980456,-0.0030211480362537,2009,2,Norm,6
106500.0,53,NAmes,house,Normal|WD,0,-0.2392857142857143,0.016453382084095,2007,1,Norm,5
100000.0,15,BrkSide,house,Abnorml|WD,1,-0.1954947707160096,,2006,0,Feedr,4
109000.0,24,OldTown,house,Normal|WD,0,-0.0840336134453781,-0.0375685943436049,2007,1,Norm,5
129000.0,11,Edwards,house,Normal|WD,0,0.0595482546201232,-0.0446428571428571,2010,1,Norm,5
123000.0,39,CollgCr,house,Normal|WD,0,-0.3762677484787018,0.0105263157894736,2009,2,Norm,5
169500.0,53,NAmes,house,Normal|WD,0,0.2107142857142857,0.016453382084095,2007,1,PosN,5
67000.0,12,IDOTRR,house,Abnorml|WD,1,-0.3495145631067961,0.0957746478873239,2007,1,Norm,5
241000.0,18,Somerst,house,Normal|WD,0,0.0687361419068736,0.068709010079669,2009,2,Norm,7
245500.0,3,Veenker,house,Normal|WD,0,0.1261467889908256,0.2654639175257732,2008,2,Norm,8
164990.0,32,CollgCr,house,Partial|New,1,-0.1633367139959432,,2006,2,Norm,7
108000.0,13,Sawyer,house,Normal|WD,0,-0.2,0.0387596899224806,2008,1,Norm,5
258000.0,9,NoRidge,house,Abnorml|WD,1,-0.1442786069651741,,2006,2,Norm,8
168000.0,19,Gilbert,house,Normal|WD,0,-0.0718232044198895,-0.0413633894622487,2007,2,Norm,6
150000.0,11,Sawyer,house,Normal|WD,0,0.1111111111111111,0.0223880597014925,2009,2,Feedr,4
115000.0,8,SWISU,house,Normal|WD,0,-0.1756272401433691,-0.2736,2008,1,Norm,6
177000.0,9,Crawfor,house,Normal|WD,0,-0.1177526118510248,0.1165164686179121,2008,1,Norm,6
280000.0,18,NridgHt,house,Partial|New,1,-0.1111111111111111,0.0079365079365079,2007,3,Norm,7
339750.0,20,Somerst,house,Partial|New,1,0.5066518847006651,-0.0010882110469909,2008,3,Norm,8
60000.0,27,Edwards,house,Abnorml|COD,1,-0.5071868583162218,-0.1563088512241054,2009,1,Norm,5
145000.0,24,Gilbert,house,Normal|WD,0,-0.1988950276243093,,2006,2,Norm,5
222000.0,8,Somerst,house,Partial|New,1,-0.0155210643015521,-0.1120263591433278,2010,2,Norm,7
115000.0,14,OldTown,house,Normal|WD,0,-0.0336134453781512,0.1298405466970387,2010,2,Artery,5
228000.0,11,SawyerW,house,Normal|WD,0,0.2673707615341856,-0.1384615384615384,2008,3,Norm,7
181134.0,19,Gilbert,house,Partial|New,1,0.0007403314917127,-0.0413633894622487,2007,2,Norm,7
149500.0,17,Sawyer,house,Normal|WD,0,0.1074074074074074,,2006,2,Norm,6
239000.0,19,Crawfor,house,Normal|WD,0,0.1912831964271473,-0.0775908045977011,2007,3,Feedr,6
126000.0,17,Edwards,house,AdjLand|WD,1,0.0349075975359342,-0.0769230769230769,2007,1,Norm,5
142000.0,33,NAmes,house,Normal|WD,0,0.0142857142857142,0.0719424460431654,2010,1,Norm,5
206300.0,10,Mitchel,apartment,Alloca|WD,1,0.3439739413680782,0.2350746268656716,2008,4,Norm,7
215000.0,21,NWAmes,house,Normal|WD,0,0.1755057408419901,0.0511363636363636,2009,2,Norm,6
113000.0,10,Mitchel,house,Normal|WD,0,-0.263843648208469,0.2350746268656716,2008,2,Artery,5
315000.0,6,NoRidge,house,Normal|WD,0,0.044776119402985,0.0206953642384105,2008,3,Norm,8
139000.0,50,NAmes,house,Normal|WD,0,-0.0071428571428571,0.0449640287769784,2008,1,Norm,6
135000.0,24,OldTown,house,Normal|WD,0,0.134453781512605,-0.1525096525096525,2009,1,Norm,7
275000.0,15,SawyerW,house,Normal|WD,0,0.528627015008338,0.0318080357142857,2009,2,Norm,7
109008.0,50,NAmes,house,Normal|WD,0,-0.2213714285714285,0.0449640287769784,2008,1,Norm,4
195400.0,30,CollgCr,house,Partial|New,1,-0.0091277890466531,0.0078525,2007,2,Norm,7
175000.0,8,Timber,house,Normal|WD,0,-0.234051865630813,-0.0292640314479143,2009,2,Norm,6
85400.0,4,BrDale,house,Abnorml|COD,1,-0.1943396226415094,-0.161504424778761,2008,1,Norm,6
79900.0,25,OldTown,house,Abnorml|ConLD,1,-0.3285714285714285,0.1359649122807017,2008,0,Feedr,6
122500.0,3,BrDale,house,Normal|WD,0,0.1556603773584905,0.2150537634408602,2007,2,Norm,5
181000.0,10,Gilbert,house,Normal|WD,0,0.0,0.0609966852707028,2008,2,Norm,6
81000.0,2,MeadowV,house,Normal|WD,0,-0.0795454545454545,-0.085820895522388,2008,0,Norm,4
212000.0,39,CollgCr,house,Normal|ConLw,1,0.075050709939148,0.0105263157894736,2009,2,PosN,7
116000.0,26,OldTown,house,Normal|WD,0,-0.0252100840336134,,2006,2,Norm,6
119000.0,17,BrkSide,house,Normal|WD,0,-0.0426387771520514,0.0364372469635627,2009,1,Norm,6
90350.0,19,Crawfor,house,Normal|WD,0,-0.5496550761623734,-0.0775908045977011,2007,1,Norm,5
110000.0,27,Edwards,house,Normal|ConLI,1,-0.0965092402464065,-0.1563088512241054,2009,2,Norm,6
555000.0,22,NridgHt,house,Normal|WD,0,0.7619047619047619,-0.2375246047024723,2009,3,Norm,10
118000.0,26,Edwards,apartment,Normal|WD,0,-0.0308008213552361,0.10625,2008,0,Norm,4
162900.0,14,BrkSide,house,Normal|WD,0,0.3105390185036202,-0.0834879406307977,2008,2,Norm,5
172500.0,2,Blmngtn,house,Partial|New,1,-0.0968586387434555,-0.147206976744186,2007,3,Norm,7
210000.0,36,CollgCr,house,Normal|WD,0,0.0649087221095334,-0.0574017527366355,2008,2,Norm,7
127500.0,27,Edwards,house,Normal|COD,1,0.0472279260780287,-0.1563088512241054,2009,2,Norm,6
190000.0,33,NAmes,house,Normal|WD,0,0.3571428571428571,0.0719424460431654,2010,2,PosA,6
199900.0,24,Gilbert,house,Normal|WD,0,0.1044198895027624,,2006,2,Norm,7
119500.0,7,IDOTRR,house,Normal|WD,0,0.1601941747572815,,2006,1,Norm,6
120000.0,24,OldTown,house,Normal|WD,0,0.0084033613445378,-0.0375685943436049,2007,1,Norm,3
110000.0,26,OldTown,house,Normal|WD,0,-0.0756302521008403,,2006,1,Norm,6
280000.0,6,ClearCr,house,Normal|WD,0,0.3982521847690387,,2006,2,Norm,7
204000.0,11,Timber,house,Normal|WD,0,-0.1071233176496334,-0.044,2007,2,Norm,6
210000.0,18,Somerst,house,Normal|WD,0,-0.0687361419068736,0.068709010079669,2009,2,Norm,8
188000.0,11,Mitchel,apartment,Family|WD,1,0.2247557003257329,,2006,2,Norm,5
175500.0,12,NWAmes,house,Normal|WD,0,-0.0404592673592126,-0.0697368421052631,2007,2,Norm,7
98000.0,25,OldTown,house,Abnorml|COD,1,-0.1764705882352941,0.1359649122807017,2008,3,Norm,5
256000.0,8,ClearCr,house,Normal|WD,0,0.2784019975031211,-0.0354767184035476,2008,2,Norm,4
161000.0,25,OldTown,house,Normal|WD,0,0.3529411764705882,0.1359649122807017,2008,1,Norm,8
110000.0,17,BrkSide,house,Normal|WD,0,-0.1150442477876106,0.0364372469635627,2009,1,Norm,5
263435.0,18,Somerst,house,Partial|New,1,0.1682261640798226,0.068709010079669,2009,2,RRAn,8
155000.0,8,SWISU,house,Normal|WD,0,0.1111111111111111,0.0444199706314243,2009,2,Feedr,7
62383.0,11,Sawyer,house,Normal|WD,0,-0.5379037037037037,0.0223880597014925,2009,1,Norm,5
188700.0,9,Crawfor,house,Normal|WD,0,-0.0594345641598213,0.1165164686179121,2008,1,Norm,6
124000.0,39,CollgCr,house,Normal|WD,0,-0.3711967545638945,0.0105263157894736,2009,0,Norm,5
178740.0,7,Blmngtn,house,Normal|WD,0,-0.0641884816753926,,2006,2,Norm,7
167000.0,53,NAmes,house,Normal|WD,0,0.1928571428571428,0.016453382084095,2007,2,Norm,7
146500.0,53,NAmes,house,Normal|WD,0,0.0464285714285714,0.016453382084095,2007,1,Artery,5
250000.0,18,NridgHt,house,Normal|WD,0,-0.2063492063492063,0.0079365079365079,2007,3,Norm,8
187000.0,11,SawyerW,house,Normal|WD,0,0.0394663702056698,-0.1384615384615384,2008,2,RRNe,6
212000.0,5,StoneBr,house,Normal|WD,0,-0.237410071942446,-0.1492805755395683,2010,2,Norm,8
190000.0,12,NWAmes,house,Normal|WD,0,0.0388190267905959,-0.0697368421052631,2007,2,PosA,7
148000.0,26,Edwards,house,Normal|WD,0,0.2156057494866529,0.10625,2008,2,Norm,6
440000.0,18,NridgHt,house,Partial|New,1,0.3968253968253968,0.0079365079365079,2007,3,Norm,8
251000.0,5,StoneBr,house,Normal|WD,0,-0.0971223021582733,-0.2627610626227202,2007,2,Norm,8
132500.0,17,Sawyer,house,Normal|WD,0,-0.0185185185185185,-0.1456953642384106,2007,2,Norm,5
208900.0,36,CollgCr,house,Normal|WD,0,0.0593306288032454,-0.0574017527366355,2008,2,Norm,6
380000.0,18,NridgHt,house,Normal|WD,0,0.2063492063492063,0.0079365079365079,2007,3,Norm,9
297000.0,39,CollgCr,house,Normal|WD,0,0.5060851926977687,0.0105263157894736,2009,3,Norm,8
89471.0,24,OldTown,house,Alloca|WD,1,-0.2481428571428571,-0.0375685943436049,2007,2,Norm,4
326000.0,17,NridgHt,house,Normal|WD,0,0.0349206349206349,,2006,3,Norm,9
374000.0,17,NridgHt,house,Normal|WD,0,0.1873015873015873,,2006,3,Norm,9
155000.0,24,OldTown,house,Normal|WD,0,0.3025210084033613,-0.1525096525096525,2009,1,Norm,7
164000.0,11,Mitchel,house,Normal|WD,0,0.0684039087947882,,2006,2,Norm,6
132500.0,17,Sawyer,house,Normal|WD,0,-0.0185185185185185,-0.1456953642384106,2007,1,Norm,5
147000.0,45,NAmes,house,Normal|WD,0,0.05,-0.0430292598967297,2009,1,Norm,5
156000.0,53,NAmes,house,Normal|WD,0,0.1142857142857142,0.016453382084095,2007,2,Norm,5
175000.0,12,NWAmes,house,Normal|WD,0,-0.0431930016402405,-0.0697368421052631,2007,2,Norm,5
160000.0,26,OldTown,house,Normal|ConLD,1,0.3445378151260504,,2006,2,Norm,5
86000.0,5,MeadowV,house,Normal|WD,0,-0.0227272727272727,-0.1020408163265306,2009,1,Norm,4
115000.0,2,MeadowV,house,Normal|WD,0,0.3068181818181818,-0.085820895522388,2008,1,Norm,5
133000.0,44,NAmes,house,Normal|WD,0,-0.05,,2006,1,Artery,6
172785.0,24,Gilbert,house,Partial|New,1,-0.0453867403314917,,2006,2,Norm,6
155000.0,50,NAmes,house,Normal|WD,0,0.1071428571428571,0.0449640287769784,2008,1,Norm,5
91300.0,24,OldTown,house,Normal|WD,0,-0.2327731092436974,-0.1525096525096525,2009,1,Artery,5
34900.0,5,IDOTRR,house,Abnorml|WD,1,-0.6611650485436893,-0.0502793296089385,2009,0,Norm,4
430000.0,11,NoRidge,house,Normal|WD,0,0.4262023217247098,0.0785714285714285,2007,2,Norm,8
184000.0,14,BrkSide,house,Normal|WD,0,0.4802896218825422,-0.0834879406307977,2008,1,Norm,7
130000.0,11,Sawyer,house,Normal|WD,0,-0.037037037037037,0.0223880597014925,2009,1,Norm,5
120000.0,53,NAmes,house,Normal|WD,0,-0.1428571428571428,0.016453382084095,2007,1,Norm,5
113000.0,3,BrDale,house,Normal|WD,0,0.0660377358490566,0.2150537634408602,2007,1,Norm,6
226700.0,20,Somerst,house,Normal|WD,0,0.0053215077605321,-0.0010882110469909,2008,2,Norm,7
140000.0,17,Edwards,house,Normal|WD,0,0.1498973305954825,-0.0769230769230769,2007,2,Feedr,5
289000.0,3,Crawfor,house,Normal|WD,0,0.4405056224579312,0.6561604584527221,2010,2,Norm,7
147000.0,4,NPkVill,house,Normal|WD,0,0.0068493150684931,0.0553571428571428,2009,2,Norm,6
124500.0,24,OldTown,apartment,Normal|COD,1,0.0462184873949579,-0.1525096525096525,2009,2,Artery,5
215000.0,8,SawyerW,house,Normal|WD,0,0.1951083935519733,,2006,2,Norm,8
208300.0,18,Somerst,house,Partial|New,1,-0.0762749445676275,0.068709010079669,2009,2,Norm,6
161000.0,25,OldTown,house,Normal|WD,0,0.3529411764705882,0.1359649122807017,2008,2,Norm,7
124500.0,45,NAmes,house,Normal|WD,0,-0.1107142857142857,-0.0430292598967297,2009,1,Norm,5
164900.0,45,NAmes,house,Normal|WD,0,0.1778571428571428,-0.0430292598967297,2009,1,Norm,5
202665.0,17,NridgHt,house,Partial|New,1,-0.3566190476190476,,2006,2,Norm,7
129900.0,44,NAmes,house,Normal|WD,0,-0.0721428571428571,,2006,2,Feedr,5
134000.0,11,Mitchel,house,Normal|WD,0,-0.1270358306188925,-0.1270358306188925,2007,2,Norm,6
96500.0,19,Crawfor,house,Normal|WD,0,-0.519000717760587,-0.0775908045977011,2007,1,Norm,5
402861.0,22,NridgHt,house,Partial|New,1,0.2789238095238095,-0.2375246047024723,2009,3,Norm,10
158000.0,21,NWAmes,house,Abnorml|COD,1,-0.1361399671951886,0.0511363636363636,2009,2,Norm,6
265000.0,8,NoRidge,house,Normal|WD,0,-0.12106135986733,0.0916463909164639,2009,3,Norm,7
211000.0,30,CollgCr,house,Normal|WD,0,0.0699797160243407,0.0078525,2007,2,Norm,6
234000.0,9,Crawfor,house,Normal|WD,0,0.1663609538240689,-0.2209821428571428,2009,1,Norm,7
106250.0,25,OldTown,house,Normal|WD,0,-0.1071428571428571,0.1359649122807017,2008,0,Norm,4
150000.0,53,NAmes,house,Normal|WD,0,0.0714285714285714,0.016453382084095,2007,1,Feedr,6
159000.0,15,BrkSide,house,Normal|WD,0,0.2791633145615446,,2006,2,Feedr,6
184750.0,17,Edwards,house,Partial|New,1,0.5174537987679672,-0.0769230769230769,2007,3,PosN,10
315750.0,11,NoRidge,house,Normal|WD,0,0.0472636815920398,0.0785714285714285,2007,3,Norm,7
176000.0,16,Somerst,house,Normal|WD,0,-0.2195121951219512,,2006,2,Norm,7
132000.0,53,NAmes,house,Normal|WD,0,-0.0571428571428571,0.016453382084095,2007,1,Norm,5
446261.0,12,NridgHt,house,Partial|New,1,0.4167015873015873,0.1648755905511811,2008,3,Norm,9
86000.0,17,Edwards,house,Normal|WD,0,-0.2936344969199179,-0.0769230769230769,2007,0,Norm,4
200624.0,19,Crawfor,house,Alloca|WD,1,0.0,-0.0775908045977011,2007,2,Norm,6
175000.0,7,Timber,house,Abnorml|WD,1,-0.234051865630813,-0.0420502092050209,2008,2,Norm,6
128000.0,14,BrkSide,house,Normal|WD,0,0.0297666934835076,-0.0834879406307977,2008,2,RRNn,6
107500.0,33,NAmes,house,Normal|WD,0,-0.2321428571428571,0.0719424460431654,2010,1,Norm,5
39300.0,10,BrkSide,studio,Normal|WD,0,-0.6838294448913917,0.1768558951965065,2007,0,Norm,1
178000.0,24,Gilbert,house,Normal|WD,0,-0.0165745856353591,,2006,2,Norm,8
107500.0,26,Edwards,house,Normal|WD,0,-0.1170431211498973,0.10625,2008,0,Norm,5
188000.0,36,CollgCr,house,Normal|WD,0,-0.0466531440162271,-0.0574017527366355,2008,2,Norm,7
111250.0,50,NAmes,house,Normal|COD,1,-0.2053571428571428,0.0449640287769784,2008,2,Norm,4
158000.0,17,Sawyer,house,Normal|WD,0,0.1703703703703703,,2006,1,Norm,5
272000.0,13,CollgCr,house,Normal|WD,0,0.3793103448275862,0.0729166666666666,2010,2,Norm,8
315000.0,8,Timber,house,Normal|WD,0,0.3787066418645366,-0.0292640314479143,2009,3,Norm,9
248000.0,11,NoRidge,house,Normal|WD,0,-0.1774461028192371,0.0785714285714285,2007,3,Norm,8
213250.0,21,NWAmes,house,Normal|WD,0,0.1659376708583925,0.0511363636363636,2009,2,RRAn,7
133000.0,53,NAmes,house,Normal|WD,0,-0.05,0.016453382084095,2007,1,Norm,7
179665.0,24,Gilbert,house,Partial|New,1,-0.0073756906077348,,2006,2,Norm,7
229000.0,18,NWAmes,house,Normal|WD,0,0.2520503007107709,,2006,3,Norm,7
210000.0,10,BrkSide,house,Normal|WD,0,0.6894609814963797,0.1768558951965065,2007,2,Norm,6
129500.0,11,Mitchel,house,Normal|WD,0,-0.1563517915309446,-0.1270358306188925,2007,2,Norm,5
125000.0,25,OldTown,house,Normal|WD,0,0.0504201680672268,0.1359649122807017,2008,2,Feedr,5
263000.0,18,Somerst,house,Normal|WD,0,0.1662971175166297,0.068709010079669,2009,2,Norm,7
140000.0,1,NPkVill,house,Abnorml|COD,1,-0.0410958904109589,-0.0106007067137809,2008,2,Norm,6
112500.0,25,OldTown,house,Normal|WD,0,-0.0546218487394958,0.1359649122807017,2008,1,Norm,5
255500.0,22,NridgHt,house,Normal|WD,0,-0.1888888888888888,-0.2375246047024723,2009,3,Norm,8
108000.0,27,Edwards,house,Normal|WD,0,-0.1129363449691991,-0.1563088512241054,2009,2,Feedr,4
284000.0,12,NridgHt,house,Normal|WD,0,-0.0984126984126984,0.1648755905511811,2008,3,Norm,7
113000.0,15,BrkSide,house,Normal|WD,0,-0.0909090909090909,,2006,1,Norm,5
141000.0,44,NAmes,house,Normal|WD,0,0.0071428571428571,,2006,1,Norm,5
108000.0,7,IDOTRR,house,Normal|COD,1,0.0485436893203883,,2006,1,Norm,4
175000.0,10,Gilbert,house,Normal|WD,0,-0.0331491712707182,0.0609966852707028,2008,2,Norm,7
234000.0,7,Blmngtn,house,Normal|WD,0,0.225130890052356,,2006,2,Norm,7
121500.0,16,Sawyer,house,Normal|WD,0,-0.1,-0.0437956204379562,2010,2,Norm,5
170000.0,11,Mitchel,house,Normal|WD,0,0.1074918566775244,,2006,2,Norm,5
108000.0,26,Edwards,house,Normal|WD,0,-0.1129363449691991,0.10625,2008,0,Norm,5
185000.0,26,Edwards,house,Normal|WD,0,0.5195071868583162,0.10625,2008,2,Norm,6
268000.0,9,NoRidge,house,Normal|WD,0,-0.1111111111111111,,2006,2,Norm,7
128000.0,3,SWISU,house,Normal|WD,0,-0.082437275985663,-0.1001757469244288,2010,1,Norm,6
325000.0,4,StoneBr,house,Normal|WD,0,0.1690647482014388,-0.0537848605577689,2008,3,Norm,9
214000.0,8,NridgHt,house,Normal|WD,0,-0.3206349206349206,-0.0602836879432624,2010,2,Norm,7
316600.0,15,SawyerW,house,Normal|WD,0,0.7598665925514174,0.0318080357142857,2009,2,Norm,8
135960.0,44,NAmes,apartment,Normal|WD,0,-0.0288571428571428,,2006,2,Norm,5
142600.0,50,NAmes,apartment,Normal|WD,0,0.0185714285714285,0.0449640287769784,2008,2,Norm,5
120000.0,44,NAmes,house,Abnorml|WD,1,-0.1428571428571428,,2006,1,Norm,6
224500.0,8,Timber,house,Partial|New,1,-0.0173979647663858,-0.0292640314479143,2009,2,Norm,7
170000.0,19,Gilbert,house,Normal|WD,0,-0.0607734806629834,-0.0413633894622487,2007,2,Norm,7
139000.0,53,NAmes,house,Normal|WD,0,-0.0071428571428571,0.016453382084095,2007,1,Norm,5
118500.0,50,NAmes,house,Abnorml|COD,1,-0.1535714285714285,0.0449640287769784,2008,1,Norm,5
145000.0,8,SWISU,house,Normal|WD,0,0.039426523297491,0.0444199706314243,2009,1,Norm,7
164500.0,17,Sawyer,house,Abnorml|WD,1,0.2185185185185185,,2006,2,Norm,5
146000.0,20,Somerst,house,Abnorml|WD,1,-0.352549889135255,-0.0010882110469909,2008,2,Norm,7
131500.0,25,OldTown,house,Normal|WD,0,0.1050420168067226,0.1359649122807017,2008,1,Norm,5
181900.0,53,NAmes,house,Normal|WD,0,0.2992857142857142,0.016453382084095,2007,2,Norm,6
253293.0,22,NridgHt,house,Partial|New,1,-0.1958952380952381,-0.2375246047024723,2009,3,Norm,8
118500.0,17,Edwards,apartment,Normal|WD,0,-0.0266940451745379,-0.0769230769230769,2007,0,Norm,6
325000.0,25,OldTown,house,Normal|WD,0,1.73109243697479,0.1359649122807017,2008,2,Artery,10
133000.0,17,BrkSide,house,Normal|WD,0,0.0699919549477071,0.0364372469635627,2009,1,Norm,4
369900.0,7,Timber,house,Partial|New,1,0.6189955137323558,,2006,3,Norm,8
130000.0,14,BrkSide,house,Normal|WD,0,0.0458567980691874,-0.0834879406307977,2008,1,RRAn,6
137000.0,11,Sawyer,house,Normal|WD,0,0.0148148148148148,0.0223880597014925,2009,2,Norm,5
143000.0,4,ClearCr,house,Partial|WD,1,-0.2858926342072409,-0.2034482758620689,2009,1,Norm,5
79500.0,14,BrkSide,house,Normal|WD,0,-0.3604183427192277,-0.0834879406307977,2008,1,RRAn,5
185900.0,36,CollgCr,house,Normal|WD,0,-0.0573022312373225,-0.0574017527366355,2008,2,Norm,7
451950.0,22,NridgHt,house,Normal|ConLI,1,0.4347619047619047,-0.2375246047024723,2009,3,Norm,10
138000.0,10,Mitchel,house,Normal|WD,0,-0.1009771986970684,0.2350746268656716,2008,2,Norm,5
140000.0,39,CollgCr,house,Normal|WD,0,-0.2900608519269776,0.0105263157894736,2009,2,Norm,6
110000.0,36,CollgCr,house,Normal|WD,0,-0.4421906693711968,-0.0574017527366355,2008,1,Norm,5
319000.0,6,StoneBr,house,Partial|New,1,0.1474820143884892,,2006,3,Norm,8
114504.0,26,OldTown,house,Normal|WD,0,-0.037781512605042,,2006,1,Norm,6
194201.0,2,Blmngtn,house,Partial|New,1,0.0167591623036649,-0.147206976744186,2007,3,Norm,7
217500.0,11,Crawfor,house,Normal|WD,0,0.0841175532339102,,2006,2,Norm,5
151000.0,1,Blueste,house,Normal|COD,1,0.0981818181818181,,2008,2,Norm,6
275000.0,17,NridgHt,house,Normal|WD,0,-0.1269841269841269,,2006,2,Norm,8
141000.0,12,IDOTRR,house,Normal|WD,0,0.3689320388349514,0.0957746478873239,2007,1,Norm,6
220000.0,8,SawyerW,house,Abnorml|WD,1,0.2229016120066703,,2006,2,Norm,8
151000.0,8,Somerst,house,Normal|WD,0,-0.3303769401330377,-0.1120263591433278,2010,2,Norm,7
221000.0,36,CollgCr,house,Normal|WD,0,0.1206896551724138,-0.0574017527366355,2008,2,Norm,7
205000.0,45,NAmes,house,Normal|WD,0,0.4642857142857143,-0.0430292598967297,2009,2,Norm,7
152000.0,39,CollgCr,house,Normal|WD,0,-0.22920892494929,0.0105263157894736,2009,2,Norm,5
225000.0,19,Edwards,house,Normal|WD,0,0.8480492813141683,,2006,1,Norm,5
359100.0,19,Crawfor,house,Alloca|WD,1,0.7899154637530904,-0.0775908045977011,2007,2,Norm,8
118500.0,17,Sawyer,house,Normal|WD,0,-0.1222222222222222,-0.1456953642384106,2007,1,Feedr,4
313000.0,39,CollgCr,house,Normal|WD,0,0.5872210953346856,0.0105263157894736,2009,3,PosN,9
148000.0,12,NWAmes,house,Normal|WD,0,-0.1908146528157463,-0.0697368421052631,2007,2,Norm,6
261500.0,39,CollgCr,house,Normal|WD,0,0.3260649087221095,0.0105263157894736,2009,2,Norm,8
147000.0,11,Mitchel,house,Partial|New,1,-0.0423452768729641,-0.1270358306188925,2007,0,Feedr,5
75500.0,3,MeadowV,house,Normal|WD,0,-0.1420454545454545,-0.0511363636363636,2010,0,Norm,4
137500.0,33,NAmes,house,Abnorml|WD,1,-0.0178571428571428,0.0719424460431654,2010,2,Feedr,6
183200.0,24,Gilbert,house,Normal|WD,0,0.0121546961325966,,2006,2,Norm,6
105500.0,50,NAmes,house,Normal|WD,0,-0.2464285714285714,0.0449640287769784,2008,2,Artery,6
314813.0,18,NridgHt,house,Partial|New,1,-0.0005936507936507,0.0079365079365079,2007,3,Norm,9
305000.0,7,Timber,house,Normal|WD,0,0.3349381770434402,-0.0420502092050209,2008,3,Norm,8
67000.0,26,Edwards,house,Normal|WD,0,-0.4496919917864476,0.10625,2008,0,Norm,3
240000.0,15,NWAmes,house,Normal|WD,0,0.3121924548933844,-0.0042432814710042,2008,2,Norm,6
135000.0,11,Sawyer,house,Normal|WD,0,0.0,0.0223880597014925,2009,2,Norm,5
168500.0,24,Somerst,house,Normal|WD,0,-0.2527716186252771,0.2154308617234469,2007,2,Norm,6
165150.0,18,NWAmes,house,Normal|WD,0,-0.0970475669764898,,2006,2,Norm,6
160000.0,33,NAmes,house,Normal|WD,0,0.1428571428571428,0.0719424460431654,2010,2,Norm,6
139900.0,53,NAmes,house,Normal|WD,0,-0.0007142857142857,0.016453382084095,2007,1,Norm,5
153000.0,33,NAmes,house,Normal|WD,0,0.0928571428571428,0.0719424460431654,2010,1,Norm,6
135000.0,53,NAmes,house,Family|WD,1,-0.0357142857142857,0.016453382084095,2007,2,Norm,5
168500.0,50,NAmes,house,Normal|WD,0,0.2035714285714285,0.0449640287769784,2008,2,Feedr,6
124000.0,26,OldTown,house,Abnorml|WD,1,0.042016806722689,,2006,1,Artery,5
209500.0,18,NridgHt,house,Normal|WD,0,-0.3349206349206349,0.0079365079365079,2007,2,Norm,8
82500.0,21,NWAmes,house,Family|WD,1,-0.5489338436303991,0.0511363636363636,2009,2,Norm,7
139400.0,53,NAmes,house,Normal|WD,0,-0.0042857142857142,0.016453382084095,2007,1,Norm,5
144000.0,14,OldTown,apartment,Normal|WD,0,0.2100840336134453,0.1298405466970387,2010,2,Norm,6
200000.0,2,SWISU,house,Abnorml|WD,1,0.4336917562724014,0.4506769825918762,2007,0,Feedr,6
60000.0,17,BrkSide,house,Normal|ConLw,1,-0.5172968624296058,0.0364372469635627,2009,0,Norm,2
93000.0,24,OldTown,house,Normal|WD,0,-0.2184873949579832,-0.1525096525096525,2009,1,Norm,5
85000.0,26,Edwards,house,Normal|WD,0,-0.3018480492813141,0.10625,2008,0,Feedr,5
264561.0,7,Blmngtn,house,Partial|New,1,0.3851361256544502,,2006,3,Norm,8
274000.0,12,NridgHt,house,Normal|WD,0,-0.1301587301587301,0.1648755905511811,2008,2,Norm,8
226000.0,24,Somerst,house,Normal|WD,0,0.0022172949002217,0.2154308617234469,2007,2,Norm,7
345000.0,45,NAmes,house,Normal|WD,0,1.4642857142857142,-0.0430292598967297,2009,2,Norm,8
152000.0,12,NWAmes,house,Normal|WD,0,-0.1689447785675232,-0.0697368421052631,2007,2,RRAn,5
370878.0,18,Somerst,house,Partial|New,1,0.6446917960088692,0.068709010079669,2009,3,Norm,9
143250.0,53,NAmes,house,Normal|WD,0,0.0232142857142857,0.016453382084095,2007,2,Norm,6
98300.0,50,NAmes,house,Normal|WD,0,-0.2978571428571429,0.0449640287769784,2008,2,Norm,5
155000.0,26,Edwards,house,Normal|WD,0,0.2731006160164271,0.10625,2008,2,Norm,6
155000.0,33,NAmes,house,Normal|WD,0,0.1071428571428571,0.0719424460431654,2010,2,PosN,6
84500.0,4,MeadowV,house,Normal|WD,0,-0.0397727272727272,-0.1559055118110236,2007,0,Norm,4
205950.0,20,Somerst,house,Normal|WD,0,-0.0866962305986696,-0.0010882110469909,2008,2,Norm,7
108000.0,27,Edwards,house,Normal|WD,0,-0.1129363449691991,-0.1563088512241054,2009,1,Artery,4
191000.0,39,CollgCr,house,Normal|WD,0,-0.0314401622718052,0.0105263157894736,2009,2,Norm,7
135000.0,7,IDOTRR,house,Normal|WD,0,0.3106796116504854,-0.2330762639245929,2008,1,Norm,6
350000.0,6,NoRidge,house,Normal|WD,0,0.1608623548922056,0.0206953642384105,2008,3,Norm,8
88000.0,1,BrDale,house,Family|WD,1,-0.1698113207547169,-0.2589473684210526,2010,1,Norm,6
145500.0,50,NAmes,house,Normal|WD,0,0.0392857142857142,0.0449640287769784,2008,1,Norm,5
149000.0,9,Crawfor,house,Normal|WD,0,-0.2573171704282638,0.1165164686179121,2008,1,Norm,7
97500.0,33,NAmes,house,Abnorml|WD,1,-0.3035714285714285,0.0719424460431654,2010,1,Artery,6
167000.0,27,Edwards,house,Normal|WD,0,0.3716632443531827,-0.1563088512241054,2009,2,Norm,5
197900.0,12,NWAmes,house,Normal|WD,0,0.0820120284308365,-0.0697368421052631,2007,2,Norm,7
402000.0,8,NoRidge,house,Normal|WD,0,0.3333333333333333,0.0916463909164639,2009,3,Norm,8
110000.0,45,NAmes,house,Normal|WD,0,-0.2142857142857142,-0.0430292598967297,2009,2,Norm,6
137500.0,26,Edwards,house,Normal|WD,0,0.1293634496919918,0.10625,2008,2,Norm,4
423000.0,16,Somerst,house,Partial|New,1,0.8758314855875832,,2006,3,RRAn,8
230500.0,24,Gilbert,house,Normal|WD,0,0.2734806629834254,,2006,2,Norm,8
129000.0,53,NAmes,house,Abnorml|WD,1,-0.0785714285714285,0.016453382084095,2007,2,Norm,6
193500.0,11,SawyerW,house,Normal|WD,0,0.0755975541967759,-0.1384615384615384,2008,2,Norm,6
168000.0,17,Sawyer,house,Normal|WD,0,0.2444444444444444,,2006,2,Norm,5
137500.0,11,Crawfor,house,Normal|WD,0,-0.3146383284153441,,2006,1,Norm,4
173500.0,39,CollgCr,house,Normal|WD,0,-0.120182555780933,0.0105263157894736,2009,2,Norm,6
103600.0,27,Edwards,house,Normal|WD,0,-0.1490759753593429,-0.1563088512241054,2009,1,Artery,6
165000.0,3,Veenker,house,Normal|WD,0,-0.2431192660550458,,2006,2,Norm,6
257500.0,19,Crawfor,house,Normal|WD,0,0.2834954940585373,-0.0775908045977011,2007,2,Norm,6
140000.0,50,NAmes,house,Normal|WD,0,0.0,0.0449640287769784,2008,1,Norm,6
148500.0,4,NPkVill,house,Normal|WD,0,0.0171232876712328,0.0553571428571428,2009,2,Norm,6
87000.0,26,OldTown,house,Normal|WD,0,-0.2689075630252101,,2006,3,Norm,4
109500.0,24,OldTown,house,Normal|WD,0,-0.0798319327731092,-0.1525096525096525,2009,1,Norm,5
372500.0,5,StoneBr,house,Partial|New,1,0.3399280575539568,0.1705263157894737,2009,3,Norm,8
128500.0,17,Sawyer,house,Normal|WD,0,-0.0481481481481481,-0.1456953642384106,2007,2,Norm,5
143000.0,13,SawyerW,house,Normal|WD,0,-0.2051139521956642,-0.0373174689021092,2010,1,Norm,6
159434.0,8,SWISU,house,Abnorml|WD,1,0.1428960573476702,0.0444199706314243,2009,1,Norm,5
173000.0,8,ClearCr,house,Normal|WD,0,-0.1360799001248439,-0.0354767184035476,2008,2,Norm,6
285000.0,30,CollgCr,house,Normal|WD,0,0.4452332657200811,0.0078525,2007,3,Norm,9
221000.0,7,NoRidge,house,Normal|WD,0,-0.2669983416252073,-0.138187221396731,2010,2,Norm,7
207500.0,5,StoneBr,house,Normal|WD,0,-0.2535971223021582,-0.2627610626227202,2007,2,Norm,7
227875.0,24,Somerst,house,Partial|New,1,0.0105321507760532,0.2154308617234469,2007,2,Norm,7
148800.0,24,Somerst,house,Normal|WD,0,-0.3401330376940133,0.2154308617234469,2007,2,Norm,7
392000.0,5,StoneBr,house,Partial|New,1,0.4100719424460431,-0.2627610626227202,2007,2,Norm,8
194700.0,18,NridgHt,house,Normal|WD,0,-0.3819047619047619,0.0079365079365079,2007,2,Norm,6
141000.0,36,CollgCr,house,Normal|WD,0,-0.2849898580121703,-0.0574017527366355,2008,2,Norm,6
755000.0,11,NoRidge,house,Normal|WD,0,1.5041459369817578,0.0785714285714285,2007,3,Norm,10
335000.0,7,Timber,house,Normal|WD,0,0.4662435715067294,,2006,2,Norm,7
108480.0,26,OldTown,house,Abnorml|WD,1,-0.0884033613445378,,2006,1,Norm,5
141500.0,17,BrkSide,house,Normal|WD,0,0.1383748994368463,0.0364372469635627,2009,2,Norm,5
176000.0,7,Timber,house,Normal|WD,0,-0.2296750191487033,,2006,2,Norm,6
89000.0,15,BrkSide,house,Normal|WD,0,-0.2839903459372486,,2006,1,Norm,5
123500.0,19,Edwards,house,Normal|WD,0,0.0143737166324435,,2006,1,Norm,5
138500.0,16,Sawyer,house,Normal|WD,0,0.0259259259259259,-0.0437956204379562,2010,1,RRAe,5
196000.0,20,Somerst,house,Normal|WD,0,-0.130820399113082,-0.0010882110469909,2008,2,Norm,7
312500.0,7,Timber,house,Normal|WD,0,0.3677645256592625,,2006,3,Norm,8
140000.0,18,NWAmes,house,Normal|COD,1,-0.2345544013121924,,2006,2,Norm,7
361919.0,6,StoneBr,house,Partial|New,1,0.3018669064748201,,2006,3,Norm,8
140000.0,14,OldTown,house,Normal|WD,0,0.1764705882352941,0.1298405466970387,2010,2,Feedr,5
213000.0,13,CollgCr,house,Normal|WD,0,0.0801217038539553,0.0729166666666666,2010,2,Norm,7
55000.0,6,IDOTRR,house,Normal|WD,0,-0.4660194174757281,0.0069176470588235,2010,0,Norm,4
302000.0,6,ClearCr,house,Normal|WD,0,0.5081148564294632,0.1868421052631579,2007,2,Norm,7
254000.0,22,NridgHt,house,Normal|WD,0,-0.1936507936507936,-0.2375246047024723,2009,2,Norm,8
179540.0,19,Gilbert,house,Partial|New,1,-0.0080662983425414,-0.0413633894622487,2007,2,Norm,7
109900.0,13,Sawyer,house,Abnorml|WD,1,-0.1859259259259259,0.0387596899224806,2008,1,Norm,5
52000.0,14,BrkSide,house,Normal|WD,0,-0.581657280772325,-0.0834879406307977,2008,0,Norm,3
102776.0,6,IDOTRR,house,Abnorml|WD,1,-0.0021747572815533,0.0069176470588235,2010,1,Norm,4
189000.0,4,StoneBr,house,Normal|WD,0,-0.3201438848920863,-0.0537848605577689,2008,2,Norm,8
129000.0,15,BrkSide,house,Normal|WD,0,0.0378117457763475,,2006,2,RRAn,4
130500.0,16,Sawyer,house,Normal|WD,0,-0.0333333333333333,-0.0437956204379562,2010,2,RRAe,6
165000.0,21,NWAmes,house,Normal|WD,0,-0.0978676872607982,0.0511363636363636,2009,2,Norm,6
159500.0,24,OldTown,house,Normal|WD,0,0.3403361344537815,-0.0375685943436049,2007,2,Norm,7
157000.0,15,NWAmes,house,Normal|WD,0,-0.1416074357572443,-0.0042432814710042,2008,2,Norm,5
341000.0,6,NoRidge,house,Normal|WD,0,0.1310116086235489,0.0206953642384105,2008,3,Norm,7
128500.0,32,CollgCr,house,Normal|WD,0,-0.3483772819472616,,2006,1,Norm,5
275000.0,6,StoneBr,house,Normal|WD,0,-0.0107913669064748,,2006,2,Norm,8
143000.0,13,CollgCr,house,Normal|WD,0,-0.2748478701825558,0.0729166666666666,2010,2,Norm,6
124500.0,45,NAmes,house,Normal|WD,0,-0.1107142857142857,-0.0430292598967297,2009,2,Norm,4
135000.0,26,Edwards,house,Normal|WD,0,0.108829568788501,0.10625,2008,1,Norm,4
320000.0,27,Edwards,house,Normal|WD,0,1.6283367556468171,-0.1563088512241054,2009,3,Norm,9
120500.0,45,NAmes,house,Normal|WD,0,-0.1392857142857143,-0.0430292598967297,2009,2,Norm,4
222000.0,9,Crawfor,house,Normal|WD,0,0.1065475715766807,-0.2209821428571428,2009,2,Norm,6
194500.0,39,CollgCr,house,Normal|WD,0,-0.0136916835699797,0.0105263157894736,2009,2,Norm,7
110000.0,45,NAmes,apartment,Abnorml|COD,1,-0.2142857142857142,-0.0430292598967297,2009,3,Norm,5
103000.0,5,IDOTRR,house,Normal|WD,0,0.0,-0.0502793296089385,2009,2,Norm,4
236500.0,5,StoneBr,house,Normal|WD,0,-0.1492805755395683,-0.1492805755395683,2010,2,Norm,8
187500.0,11,Timber,house,Normal|WD,0,-0.1793412846044424,-0.044,2007,2,Norm,7
222500.0,36,CollgCr,house,Normal|WD,0,0.1282961460446247,-0.0574017527366355,2008,2,Norm,7
131400.0,11,Sawyer,house,Normal|WD,0,-0.0266666666666666,0.0223880597014925,2009,1,Feedr,5
108000.0,17,Sawyer,house,Family|WD,1,-0.2,-0.1456953642384106,2007,1,Norm,5
163000.0,26,OldTown,house,Normal|WD,0,0.3697478991596639,,2006,2,Norm,7
93500.0,44,NAmes,apartment,Normal|WD,0,-0.3321428571428571,,2006,2,Norm,3
239900.0,24,Gilbert,house,Normal|WD,0,0.3254143646408839,,2006,3,Norm,8
179000.0,27,Edwards,apartment,Alloca|WD,1,0.4702258726899384,-0.1563088512241054,2009,0,Norm,5
190000.0,39,CollgCr,house,Normal|WD,0,-0.0365111561866125,0.0105263157894736,2009,2,Norm,7
132000.0,24,OldTown,house,Abnorml|WD,1,0.1092436974789916,-0.0375685943436049,2007,2,Norm,5
142000.0,13,Sawyer,house,Normal|WD,0,0.0518518518518518,0.0387596899224806,2008,1,Feedr,6
179000.0,12,SawyerW,house,Normal|WD,0,-0.0050027793218454,0.2458820005989817,2007,2,Norm,7
175000.0,11,Sawyer,house,Normal|WD,0,0.2962962962962963,0.0223880597014925,2009,2,Norm,5
180000.0,4,StoneBr,house,Normal|WD,0,-0.3525179856115107,-0.0537848605577689,2008,2,Norm,8
299800.0,15,NWAmes,house,Normal|WD,0,0.6391470749043193,-0.0042432814710042,2008,2,Norm,8
236000.0,20,Gilbert,house,Normal|WD,0,0.3038674033149171,-0.0251001335113484,2009,2,Norm,7
265979.0,24,OldTown,house,Normal|WD,0,1.2351176470588234,-0.1525096525096525,2009,4,Norm,7
260400.0,7,NoRidge,house,Normal|WD,0,-0.136318407960199,-0.138187221396731,2010,2,Norm,7
98000.0,27,Edwards,house,Normal|WD,0,-0.1950718685831622,-0.1563088512241054,2009,1,Norm,4
96500.0,14,OldTown,house,Normal|WD,0,-0.1890756302521008,0.1298405466970387,2010,0,Norm,4
162000.0,19,Gilbert,house,Normal|WD,0,-0.1049723756906077,-0.0413633894622487,2007,2,RRAn,7
217000.0,32,CollgCr,house,Normal|WD,0,0.1004056795131845,,2006,2,Norm,6
275500.0,17,NridgHt,house,Normal|WD,0,-0.1253968253968254,,2006,3,Norm,8
156000.0,45,NAmes,house,Normal|WD,0,0.1142857142857142,-0.0430292598967297,2009,2,Norm,6
172500.0,18,Somerst,house,Normal|WD,0,-0.2350332594235033,0.068709010079669,2009,2,Norm,6
212000.0,39,CollgCr,house,Normal|WD,0,0.075050709939148,0.0105263157894736,2009,2,Norm,8
158900.0,16,Sawyer,house,Abnorml|WD,1,0.177037037037037,-0.0437956204379562,2010,2,Norm,6
179400.0,20,Somerst,house,Normal|WD,0,-0.2044345898004434,-0.0010882110469909,2008,2,Norm,7
290000.0,11,NoRidge,house,Normal|WD,0,-0.0381426202321724,0.0785714285714285,2007,3,Norm,8
127500.0,45,NAmes,house,Normal|WD,0,-0.0892857142857142,-0.0430292598967297,2009,1,Norm,6
100000.0,17,BrkSide,house,Normal|WD,0,-0.1954947707160096,0.0364372469635627,2009,2,Feedr,5
215200.0,8,Somerst,house,Normal|Con,0,-0.0456762749445676,-0.1120263591433278,2010,2,Norm,7
337000.0,8,NoRidge,house,Normal|WD,0,0.1177446102819237,0.0916463909164639,2009,3,Norm,8
270000.0,3,Veenker,house,Normal|WD,0,0.2385321100917431,,2006,2,Norm,8
264132.0,20,Somerst,house,Partial|New,1,0.1713170731707317,-0.0010882110469909,2008,2,Norm,9
196500.0,7,NWAmes,house,Normal|WD,0,0.0743575724439584,0.0621621621621621,2010,2,Norm,7
160000.0,10,Mitchel,house,Normal|WD,0,0.0423452768729641,0.2350746268656716,2008,1,Norm,6
216837.0,32,CollgCr,house,Normal|WD,0,0.099579107505071,,2006,2,Norm,7
538000.0,5,StoneBr,house,Normal|WD,0,0.935251798561151,-0.1492805755395683,2010,3,Norm,8
134900.0,11,Sawyer,house,Normal|WD,0,-0.0007407407407407,0.0223880597014925,2009,2,Norm,5
102000.0,19,Edwards,house,Normal|COD,1,-0.162217659137577,,2006,2,Norm,4
107000.0,11,Edwards,house,Abnorml|WD,1,-0.1211498973305954,-0.0446428571428571,2010,2,Norm,6
114500.0,53,NAmes,house,Normal|COD,1,-0.1821428571428571,0.016453382084095,2007,1,Feedr,5
395000.0,18,NridgHt,house,Partial|New,1,0.2539682539682539,0.0079365079365079,2007,3,Norm,8
162000.0,13,Mitchel,house,Normal|WD,0,0.0553745928338762,-0.0030211480362537,2009,2,Norm,6
221500.0,32,CollgCr,house,Partial|New,1,0.1232251521298174,,2006,3,Norm,7
142500.0,17,Sawyer,house,Normal|WD,0,0.0555555555555555,,2006,2,Norm,5
144000.0,12,SawyerW,apartment,Normal|WD,0,-0.1995553085047248,0.2458820005989817,2007,2,Feedr,5
135000.0,11,Mitchel,apartment,Normal|WD,0,-0.1205211726384364,,2006,2,Norm,6
176000.0,19,Gilbert,house,Normal|WD,0,-0.0276243093922651,-0.0413633894622487,2007,2,Norm,7
175900.0,8,SawyerW,house,Normal|WD,0,-0.0222345747637576,,2006,2,Norm,6
187100.0,39,CollgCr,house,Normal|WD,0,-0.0512170385395537,0.0105263157894736,2009,2,Norm,7
165500.0,13,Mitchel,house,Normal|WD,0,0.0781758957654723,-0.0030211480362537,2009,2,Norm,5
128000.0,25,OldTown,house,Normal|WD,0,0.0756302521008403,0.1359649122807017,2008,0,Norm,6
161500.0,21,NWAmes,house,Normal|WD,0,-0.1170038272279934,0.0511363636363636,2009,2,Feedr,6
139000.0,14,OldTown,house,Normal|WD,0,0.1680672268907563,0.1298405466970387,2010,1,Artery,5
233000.0,13,SawyerW,house,Normal|WD,0,0.2951639799888827,-0.0373174689021092,2010,2,Norm,7
107900.0,25,OldTown,house,Normal|WD,0,-0.0932773109243697,0.1359649122807017,2008,1,Norm,4
187500.0,6,ClearCr,house,Normal|WD,0,-0.0636704119850187,0.1868421052631579,2007,2,Norm,6
160200.0,5,Blmngtn,house,Normal|WD,0,-0.1612565445026178,0.0025791191097051,2009,2,Norm,7
146800.0,11,Mitchel,house,Normal|WD,0,-0.0436482084690553,-0.1270358306188925,2007,2,Norm,6
269790.0,11,NoRidge,house,Normal|WD,0,-0.1051741293532338,0.0785714285714285,2007,2,Norm,7
225000.0,24,Somerst,house,Partial|New,1,-0.0022172949002217,0.2154308617234469,2007,2,Norm,8
194500.0,10,Gilbert,house,Normal|WD,0,0.074585635359116,0.0609966852707028,2008,2,Norm,7
171000.0,13,SawyerW,house,Normal|WD,0,-0.0494719288493607,-0.0373174689021092,2010,2,Norm,6
143500.0,17,Sawyer,house,Normal|WD,0,0.0629629629629629,-0.1456953642384106,2007,2,Norm,6
110000.0,50,NAmes,house,Abnorml|WD,1,-0.2142857142857142,0.0449640287769784,2008,1,Norm,5
485000.0,22,NridgHt,house,Partial|New,1,0.5396825396825397,-0.2375246047024723,2009,3,Norm,9
175000.0,2,SWISU,house,Normal|WD,0,0.2544802867383512,0.4506769825918762,2007,1,Feedr,5
200000.0,8,ClearCr,house,Normal|WD,0,-0.0012484394506866,-0.0354767184035476,2008,2,Feedr,6
109900.0,12,IDOTRR,house,Normal|WD,0,0.0669902912621359,0.0957746478873239,2007,2,Norm,4
189000.0,36,CollgCr,house,Normal|WD,0,-0.0415821501014198,-0.0574017527366355,2008,2,Norm,7
582933.0,22,NridgHt,house,Partial|New,1,0.8505809523809523,-0.2375246047024723,2009,3,Norm,9
118000.0,44,NAmes,house,Family|WD,1,-0.1571428571428571,,2006,1,Norm,5
227680.0,20,Somerst,house,Partial|New,1,0.0096674057649667,-0.0010882110469909,2008,2,Norm,7
135500.0,44,NAmes,house,Normal|WD,0,-0.0321428571428571,,2006,1,Norm,5
223500.0,17,BrkSide,house,Normal|WD,0,0.7980691874497184,0.0364372469635627,2009,2,Norm,5
159950.0,44,NAmes,house,Normal|WD,0,0.1425,,2006,2,Norm,5
106000.0,24,OldTown,house,Normal|WD,0,-0.1092436974789916,-0.1525096525096525,2009,2,Norm,5
181000.0,18,NWAmes,house,Normal|WD,0,-0.0103881902679059,,2006,2,Norm,6
144500.0,36,CollgCr,house,Normal|ConLD,1,-0.2672413793103448,-0.0574017527366355,2008,2,Norm,6
55993.0,6,IDOTRR,house,Alloca|WD,1,-0.456378640776699,0.0069176470588235,2010,2,Norm,5
157900.0,53,NAmes,house,Normal|COD,1,0.1278571428571428,0.016453382084095,2007,1,Norm,6
116000.0,19,Edwards,house,Normal|WD,0,-0.0472279260780287,,2006,1,Norm,5
224900.0,13,CollgCr,house,Normal|WD,0,0.1404665314401622,0.0729166666666666,2010,2,Norm,7
137000.0,44,NAmes,house,Normal|WD,0,-0.0214285714285714,,2006,1,Norm,5
271000.0,10,Mitchel,house,Normal|WD,0,0.7654723127035831,0.2350746268656716,2008,3,Norm,8
155000.0,4,ClearCr,house,Normal|WD,0,-0.2259675405742821,0.4556998556998557,2010,2,Norm,6
224000.0,8,NridgHt,house,Partial|New,1,-0.2888888888888888,-0.0602836879432624,2010,2,Norm,7
183000.0,36,CollgCr,house,Normal|WD,0,-0.0720081135902637,-0.0574017527366355,2008,2,Norm,7
93000.0,24,OldTown,house,Normal|WD,0,-0.2184873949579832,-0.1525096525096525,2009,2,Norm,4
225000.0,19,Gilbert,house,Family|WD,1,0.2430939226519337,-0.0413633894622487,2007,2,Norm,7
139500.0,8,SWISU,house,Normal|WD,0,0.0,0.0444199706314243,2009,1,Norm,6
232600.0,16,Somerst,house,Partial|New,1,0.0314855875831485,,2006,2,Norm,8
385000.0,12,NridgHt,house,Partial|New,1,0.2222222222222222,0.1648755905511811,2008,3,PosN,10
109500.0,14,BrkSide,house,Normal|WD,0,-0.1190667739340305,-0.0834879406307977,2008,0,Norm,5
189000.0,15,SawyerW,house,Normal|WD,0,0.0505836575875486,0.0318080357142857,2009,2,Norm,7
185000.0,4,ClearCr,house,Abnorml|WD,1,-0.0761548064918851,-0.2034482758620689,2009,2,Norm,5
147400.0,16,Somerst,house,Normal|WD,0,-0.3463414634146341,,2006,2,Norm,7
166000.0,50,NAmes,house,Normal|WD,0,0.1857142857142857,0.0449640287769784,2008,2,Norm,6
151000.0,16,Somerst,house,Normal|WD,0,-0.3303769401330377,,2006,2,Norm,7
237000.0,13,CollgCr,house,Normal|WD,0,0.2018255578093306,0.0729166666666666,2010,2,Norm,7
167000.0,45,NAmes,house,Normal|WD,0,0.1928571428571428,-0.0430292598967297,2009,2,Norm,6
139950.0,50,NAmes,house,Normal|WD,0,-0.0003571428571428,0.0449640287769784,2008,2,Norm,5
128000.0,16,Sawyer,house,Normal|WD,0,-0.0518518518518518,-0.0437956204379562,2010,2,Norm,4
153500.0,24,OldTown,house,Normal|COD,1,0.2899159663865546,-0.0375685943436049,2007,2,Norm,5
100000.0,4,BrDale,house,Normal|WD,0,-0.0566037735849056,-0.161504424778761,2008,1,Norm,6
144000.0,36,CollgCr,house,Normal|WD,0,-0.2697768762677485,-0.0574017527366355,2008,1,Norm,5
130500.0,26,Edwards,house,Normal|WD,0,0.0718685831622176,0.10625,2008,1,Norm,5
140000.0,8,SWISU,house,Normal|WD,0,0.003584229390681,-0.2736,2008,1,Norm,6
157500.0,25,OldTown,house,Normal|WD,0,0.3235294117647059,0.1359649122807017,2008,2,Norm,5
174900.0,50,NAmes,house,Normal|WD,0,0.2492857142857142,0.0449640287769784,2008,2,Norm,6
141000.0,53,NAmes,apartment,Normal|WD,0,0.0071428571428571,0.016453382084095,2007,0,Artery,5
153900.0,25,OldTown,house,Normal|WD,0,0.2932773109243697,0.1359649122807017,2008,3,Artery,5
171000.0,17,Sawyer,house,Normal|WD,0,0.2666666666666666,-0.1456953642384106,2007,2,RRAe,5
213000.0,15,SawyerW,house,Normal|WD,0,0.1839911061700945,0.0318080357142857,2009,2,Norm,7
133500.0,39,CollgCr,house,Normal|WD,0,-0.3230223123732251,0.0105263157894736,2009,1,Norm,5
240000.0,8,ClearCr,house,Normal|WD,0,0.198501872659176,-0.0354767184035476,2008,2,Norm,6
187000.0,5,Veenker,house,Normal|WD,0,-0.1422018348623853,-0.2814814814814815,2007,2,Feedr,6
131500.0,30,CollgCr,house,Normal|WD,0,-0.3331643002028397,0.0078525,2007,2,Norm,6
215000.0,7,Blmngtn,house,Normal|WD,0,0.1256544502617801,,2006,2,Norm,8
164000.0,19,Crawfor,house,Normal|WD,0,-0.1825504426190286,-0.0775908045977011,2007,1,Norm,7
158000.0,45,NAmes,house,Normal|WD,0,0.1285714285714285,-0.0430292598967297,2009,2,Norm,6
170000.0,17,Sawyer,house,Abnorml|WD,1,0.2592592592592592,,2006,2,Norm,5
127000.0,16,Sawyer,house,Normal|WD,0,-0.0592592592592592,-0.0437956204379562,2010,1,Norm,5
147000.0,36,CollgCr,house,Normal|WD,0,-0.2545638945233265,-0.0574017527366355,2008,2,Norm,6
174000.0,20,Gilbert,house,Normal|WD,0,-0.0386740331491712,-0.0251001335113484,2009,2,Norm,6
152000.0,21,NWAmes,house,Family|WD,1,-0.1689447785675232,0.0511363636363636,2009,2,Norm,7
250000.0,18,NWAmes,house,Normal|WD,0,0.366867140513942,,2006,2,PosA,6
189950.0,19,Crawfor,house,Normal|WD,0,-0.0532040035090517,-0.0775908045977011,2007,1,Norm,7
131500.0,16,Sawyer,house,Normal|WD,0,-0.0259259259259259,-0.0437956204379562,2010,2,Norm,5
152000.0,13,SawyerW,house,Normal|WD,0,-0.1550861589772095,-0.0373174689021092,2010,2,Norm,6
132500.0,45,NAmes,house,Normal|WD,0,-0.0535714285714285,-0.0430292598967297,2009,1,Norm,5
250580.0,20,Somerst,house,Partial|New,1,0.1112195121951219,-0.0010882110469909,2008,2,Norm,7
148500.0,45,NAmes,house,Normal|WD,0,0.0607142857142857,-0.0430292598967297,2009,2,Norm,5
248900.0,11,Timber,house,Partial|New,1,0.0893970893970894,-0.044,2007,3,Norm,8
129000.0,17,Sawyer,house,Normal|WD,0,-0.0444444444444444,-0.1456953642384106,2007,2,Feedr,4
169000.0,24,Gilbert,house,Normal|WD,0,-0.0662983425414364,,2006,2,Feedr,5
236000.0,13,SawyerW,house,Normal|WD,0,0.3118399110617009,-0.0373174689021092,2010,2,Norm,7
109500.0,45,NAmes,house,Normal|WD,0,-0.2178571428571428,-0.0430292598967297,2009,1,PosN,5
200500.0,13,CollgCr,house,Normal|WD,0,0.016734279918864,0.0729166666666666,2010,2,Norm,6
116000.0,50,NAmes,house,Normal|WD,0,-0.1714285714285714,0.0449640287769784,2008,2,Norm,5
133000.0,45,NAmes,house,Normal|WD,0,-0.05,-0.0430292598967297,2009,1,Norm,5
66500.0,24,OldTown,house,Abnorml|WD,1,-0.4411764705882353,-0.1525096525096525,2009,1,Artery,5
303477.0,24,Somerst,house,Partial|New,1,0.3457960088691796,0.2154308617234469,2007,2,Norm,8
132250.0,11,Mitchel,house,Normal|WD,0,-0.1384364820846905,-0.1270358306188925,2007,2,Norm,4
350000.0,22,NridgHt,house,Normal|WD,0,0.1111111111111111,-0.2375246047024723,2009,3,Norm,9
148000.0,16,Sawyer,house,Normal|WD,0,0.0962962962962963,-0.0437956204379562,2010,2,Norm,5
136500.0,39,CollgCr,house,Normal|WD,0,-0.3078093306288032,0.0105263157894736,2009,1,Norm,5
157000.0,17,Edwards,house,Normal|WD,0,0.2895277207392197,-0.0769230769230769,2007,2,Norm,5
187500.0,11,Timber,house,Normal|WD,0,-0.1793412846044424,-0.044,2007,2,Norm,7
178000.0,20,Gilbert,house,Normal|WD,0,-0.0165745856353591,-0.0251001335113484,2009,2,Norm,6
118500.0,4,SWISU,house,Normal|WD,0,-0.1505376344086021,,2006,1,Norm,4
100000.0,45,NAmes,house,Normal|WD,0,-0.2857142857142857,-0.0430292598967297,2009,1,Norm,5
328900.0,20,Somerst,house,Abnorml|CWD,1,0.4585365853658537,-0.0010882110469909,2008,2,Norm,9
145000.0,44,NAmes,apartment,Family|WD,1,0.0357142857142857,,2006,2,Norm,5
135500.0,26,Edwards,house,Normal|WD,0,0.1129363449691991,0.10625,2008,1,Norm,5
268000.0,53,NAmes,house,Normal|WD,0,0.9142857142857144,0.016453382084095,2007,2,Norm,8
149500.0,45,NAmes,house,Normal|WD,0,0.0678571428571428,-0.0430292598967297,2009,2,Feedr,6
122900.0,53,NAmes,house,Normal|WD,0,-0.1221428571428571,0.016453382084095,2007,2,Artery,5
172500.0,11,Sawyer,house,Normal|WD,0,0.2777777777777778,0.0223880597014925,2009,2,Norm,6
154500.0,17,Sawyer,house,Normal|WD,0,0.1444444444444444,,2006,1,Norm,6
165000.0,13,Sawyer,house,Normal|WD,0,0.2222222222222222,0.0387596899224806,2008,1,PosN,5
118858.0,15,SawyerW,apartment,Alloca|WD,1,-0.3393107281823235,0.0318080357142857,2009,2,Norm,5
140000.0,50,NAmes,house,Normal|WD,0,0.0,0.0449640287769784,2008,2,Norm,6
106500.0,7,IDOTRR,house,Abnorml|WD,1,0.0339805825242718,,2006,1,Norm,4
142953.0,15,SawyerW,apartment,Alloca|WD,1,-0.2053752084491384,0.0318080357142857,2009,2,Feedr,5
611657.0,8,NridgHt,house,Partial|New,1,0.941768253968254,-0.0602836879432624,2010,3,Norm,9
135000.0,17,Sawyer,house,Normal|WD,0,0.0,,2006,1,Feedr,5
110000.0,53,NAmes,house,Normal|WD,0,-0.2142857142857142,0.016453382084095,2007,1,Norm,4
153000.0,45,NAmes,house,Normal|WD,0,0.0928571428571428,-0.0430292598967297,2009,1,Norm,5
180000.0,24,Gilbert,house,Normal|WD,0,-0.005524861878453,,2006,2,Norm,7
240000.0,24,Gilbert,house,Partial|New,1,0.3259668508287293,,2006,3,Norm,7
125500.0,17,Sawyer,house,Normal|WD,0,-0.0703703703703703,-0.1456953642384106,2007,1,Norm,5
128000.0,33,NAmes,house,Normal|WD,0,-0.0857142857142857,0.0719424460431654,2010,1,Norm,5
255000.0,24,Somerst,house,Normal|WD,0,0.130820399113082,0.2154308617234469,2007,3,Norm,8
250000.0,11,Crawfor,house,Normal|WD,0,0.2461121301539197,,2006,1,Norm,7
131000.0,11,Mitchel,house,Normal|WD,0,-0.1465798045602606,,2006,2,Norm,5
174000.0,20,Gilbert,house,Normal|WD,0,-0.0386740331491712,-0.0251001335113484,2009,2,Norm,6
154300.0,33,NAmes,apartment,Normal|WD,0,0.1021428571428571,0.0719424460431654,2010,2,Feedr,5
143500.0,39,CollgCr,house,Normal|WD,0,-0.2723123732251521,0.0105263157894736,2009,1,Norm,5
88000.0,15,BrkSide,house,Abnorml|WD,1,-0.2920353982300885,,2006,1,Norm,5
145000.0,19,Crawfor,apartment,Normal|WD,0,-0.2772549645107265,-0.0775908045977011,2007,3,Norm,5
173733.0,18,Somerst,house,Partial|New,1,-0.2295654101995565,0.068709010079669,2009,2,Norm,6
75000.0,4,MeadowV,house,Normal|WD,0,-0.1477272727272727,-0.1559055118110236,2007,1,Norm,4
35311.0,7,IDOTRR,studio,Abnorml|WD,1,-0.6571747572815534,,2006,1,Norm,2
135000.0,27,Edwards,house,Normal|WD,0,0.108829568788501,-0.1563088512241054,2009,1,Norm,4
238000.0,12,SawyerW,house,Normal|WD,0,0.3229571984435798,0.2458820005989817,2007,3,Norm,7
176500.0,50,NAmes,house,Normal|WD,0,0.2607142857142857,0.0449640287769784,2008,2,Norm,6
201000.0,12,SawyerW,house,Normal|WD,0,0.1172873818788215,0.2458820005989817,2007,2,Norm,6
145900.0,26,Edwards,apartment,Normal|WD,0,0.1983572895277207,0.10625,2008,0,Feedr,5
169990.0,24,Gilbert,house,Partial|New,1,-0.0608287292817679,,2006,2,RRAn,6
193000.0,11,SawyerW,house,Normal|WD,0,0.0728182323513062,-0.1384615384615384,2008,2,Norm,6
207500.0,18,NWAmes,house,Normal|WD,0,0.1344997266265719,,2006,2,Norm,6
175000.0,15,NWAmes,house,Abnorml|WD,1,-0.0431930016402405,-0.0042432814710042,2008,2,Norm,5
285000.0,18,NridgHt,house,Normal|WD,0,-0.0952380952380952,0.0079365079365079,2007,3,Norm,8
176000.0,15,NWAmes,house,Normal|WD,0,-0.0377255330781848,-0.0042432814710042,2008,2,Feedr,7
236500.0,39,CollgCr,house,Normal|WD,0,0.1992900608519269,0.0105263157894736,2009,2,Norm,8
222000.0,24,Gilbert,house,Normal|WD,0,0.2265193370165746,,2006,2,Norm,7
201000.0,8,Timber,house,Normal|WD,0,-0.1202538570959623,-0.0292640314479143,2009,3,Norm,8
117500.0,45,NAmes,house,Normal|WD,0,-0.1607142857142857,-0.0430292598967297,2009,1,Norm,5
320000.0,24,Somerst,house,Normal|WD,0,0.4190687361419069,0.2154308617234469,2007,3,RRNn,9
190000.0,39,CollgCr,house,Normal|WD,0,-0.0365111561866125,0.0105263157894736,2009,2,Norm,7
242000.0,50,NAmes,house,Normal|WD,0,0.7285714285714285,0.0449640287769784,2008,2,PosA,7
79900.0,15,BrkSide,house,Normal|WD,0,-0.3572003218020917,,2006,2,Norm,4
184900.0,15,SawyerW,house,Normal|WD,0,0.027793218454697,0.0318080357142857,2009,2,Norm,7
253000.0,18,Somerst,house,Normal|WD,0,0.1219512195121951,0.068709010079669,2009,2,Norm,7
239799.0,32,CollgCr,house,Partial|New,1,0.2160192697768762,,2006,3,Norm,7
244400.0,4,ClearCr,house,Normal|COD,1,0.2204744069912609,0.4556998556998557,2010,1,Norm,7
150900.0,11,Mitchel,apartment,Normal|WD,0,-0.0169381107491856,,2006,2,Norm,6
214000.0,20,Gilbert,house,Normal|WD,0,0.1823204419889502,-0.0251001335113484,2009,2,RRNn,7
150000.0,17,Edwards,apartment,Abnorml|Oth,1,0.2320328542094455,-0.0769230769230769,2007,0,Norm,4
143000.0,11,Mitchel,apartment,Normal|WD,0,-0.0684039087947882,-0.1270358306188925,2007,2,Norm,5
137500.0,8,Timber,house,Abnorml|COD,1,-0.3981836087099245,-0.0292640314479143,2009,2,Norm,6
124900.0,24,OldTown,house,Normal|WD,0,0.0495798319327731,-0.1525096525096525,2009,2,Norm,5
143000.0,44,NAmes,house,Normal|WD,0,0.0214285714285714,,2006,1,Norm,5
270000.0,11,Timber,house,Normal|WD,0,0.1817485501696028,-0.044,2007,3,Norm,8
192500.0,32,CollgCr,house,Normal|WD,0,-0.0238336713995943,,2006,2,Norm,7
197500.0,7,NWAmes,house,Normal|WD,0,0.0798250410060142,0.0621621621621621,2010,2,Norm,6
129000.0,53,NAmes,house,Normal|WD,0,-0.0785714285714285,0.016453382084095,2007,2,Norm,5
119900.0,8,SawyerW,house,Abnorml|WD,1,-0.3335186214563646,,2006,1,Norm,5
133900.0,39,CollgCr,house,Normal|WD,0,-0.3209939148073022,0.0105263157894736,2009,1,Norm,5
172000.0,10,Mitchel,house,Normal|WD,0,0.1205211726384364,0.2350746268656716,2008,2,Norm,5
127500.0,19,Edwards,apartment,AdjLand|WD,1,0.0472279260780287,,2006,0,Norm,6
145000.0,19,Crawfor,apartment,Normal|WD,0,-0.2772549645107265,-0.0775908045977011,2007,2,Norm,6
124000.0,1,Blueste,house,Normal|WD,0,-0.0981818181818181,-0.1788079470198675,2009,2,Norm,6
132000.0,17,Sawyer,house,Normal|WD,0,-0.0222222222222222,-0.1456953642384106,2007,2,Norm,5
185000.0,30,CollgCr,house,Normal|WD,0,-0.061866125760649,0.0078525,2007,2,Norm,7
155000.0,8,Somerst,house,Normal|WD,0,-0.3126385809312638,-0.1120263591433278,2010,2,Norm,7
116500.0,2,BrkSide,house,Normal|WD,0,-0.0627514078841512,-0.24609375,2010,0,Norm,5
272000.0,15,NWAmes,house,Normal|WD,0,0.4871514488791689,-0.0042432814710042,2008,2,PosN,6
155000.0,2,NPkVill,house,Normal|WD,0,0.0616438356164383,,2007,2,Norm,6
239000.0,39,CollgCr,house,Normal|WD,0,0.2119675456389452,0.0105263157894736,2009,2,Norm,9
214900.0,5,Timber,house,Normal|WD,0,-0.0594156909946383,-0.0330708661417322,2010,2,Norm,7
178900.0,19,Gilbert,house,Partial|New,1,-0.0116022099447513,-0.0413633894622487,2007,2,RRAn,6
160000.0,9,Crawfor,house,Normal|WD,0,-0.2024882367014913,-0.2209821428571428,2009,1,Norm,5
135000.0,50,NAmes,house,Normal|WD,0,-0.0357142857142857,0.0449640287769784,2008,1,Norm,5
37900.0,24,OldTown,house,Abnorml|WD,1,-0.6815126050420168,-0.1525096525096525,2009,0,Norm,3
140000.0,44,NAmes,house,Normal|ConLD,1,0.0,,2006,1,Norm,6
135000.0,44,NAmes,house,Abnorml|WD,1,-0.0357142857142857,,2006,0,Norm,4
173000.0,22,NridgHt,house,Normal|WD,0,-0.4507936507936508,-0.2375246047024723,2009,2,Norm,7
99500.0,13,SawyerW,house,Normal|WD,0,-0.4469149527515286,-0.0373174689021092,2010,1,Norm,6
182000.0,20,Somerst,house,Partial|New,1,-0.1929046563192904,-0.0010882110469909,2008,2,Norm,7
167500.0,17,BrkSide,house,Normal|WD,0,0.3475462590506838,0.0364372469635627,2009,2,RRAn,7
165000.0,16,Somerst,house,Normal|WD,0,-0.2682926829268293,,2006,2,Norm,7
85500.0,15,BrkSide,house,Normal|WD,0,-0.3121480289621882,,2006,0,Norm,4
199900.0,24,Somerst,house,Partial|New,1,-0.1135254988913525,0.2154308617234469,2007,2,Norm,7
110000.0,17,Edwards,house,Abnorml|WD,1,-0.0965092402464065,-0.0769230769230769,2007,2,Norm,4
139000.0,11,Sawyer,house,Normal|WD,0,0.0296296296296296,0.0223880597014925,2009,2,Feedr,5
178400.0,50,NAmes,house,Normal|WD,0,0.2742857142857143,0.0449640287769784,2008,2,Norm,7
336000.0,8,NoRidge,house,Normal|WD,0,0.1144278606965174,0.0916463909164639,2009,3,Norm,8
159895.0,2,Blmngtn,house,Normal|WD,0,-0.1628534031413612,-0.0431032366969274,2008,2,Norm,7
255900.0,36,CollgCr,house,Normal|WD,0,0.2976673427991886,-0.0574017527366355,2008,2,Norm,8
126000.0,13,Mitchel,apartment,Normal|COD,1,-0.1791530944625407,-0.0030211480362537,2009,2,Norm,5
125000.0,26,Edwards,house,Normal|ConLD,1,0.0266940451745379,0.10625,2008,1,Norm,5
117000.0,26,OldTown,house,Normal|WD,0,-0.0168067226890756,,2006,1,Feedr,6
395192.0,8,NridgHt,house,Partial|New,1,0.2545777777777778,-0.0602836879432624,2010,3,Norm,9
195000.0,12,NWAmes,house,Normal|WD,0,0.0661563696008748,-0.0697368421052631,2007,2,Norm,6
197000.0,16,Somerst,house,Partial|New,1,-0.1263858093126385,,2006,2,Norm,7
348000.0,9,NoRidge,house,Normal|WD,0,0.154228855721393,,2006,3,Norm,8
168000.0,24,OldTown,house,Normal|WD,0,0.4117647058823529,-0.1525096525096525,2009,2,Artery,8
187000.0,53,NAmes,house,Normal|WD,0,0.3357142857142857,0.016453382084095,2007,2,Norm,6
173900.0,32,CollgCr,house,Partial|New,1,-0.1181541582150101,,2006,2,Norm,6
337500.0,22,NridgHt,house,Normal|WD,0,0.0714285714285714,-0.2375246047024723,2009,3,Norm,10
121600.0,15,BrkSide,house,Abnorml|WD,1,-0.0217216411906677,,2006,1,Feedr,4
136500.0,44,NAmes,house,Normal|COD,1,-0.025,,2006,1,Norm,5
185000.0,21,NWAmes,house,Normal|WD,0,0.0114816839803171,0.0511363636363636,2009,2,PosA,6
91000.0,7,IDOTRR,house,Normal|WD,0,-0.116504854368932,,2006,1,Norm,3
206000.0,13,CollgCr,house,Normal|WD,0,0.0446247464503042,0.0729166666666666,2010,2,Norm,7
82000.0,27,Edwards,house,Normal|WD,0,-0.3264887063655031,-0.1563088512241054,2009,2,Norm,3
86000.0,24,OldTown,house,Abnorml|WD,1,-0.2773109243697479,-0.0375685943436049,2007,1,Norm,5
232000.0,20,Somerst,house,Normal|WD,0,0.0288248337028824,-0.0010882110469909,2008,3,RRAn,8
136905.0,12,NWAmes,apartment,Normal|WD,0,-0.251476216511755,-0.0697368421052631,2007,2,Feedr,5
181000.0,5,Blmngtn,house,Normal|WD,0,-0.0523560209424083,0.0025791191097051,2009,2,Norm,7
149900.0,36,CollgCr,house,Normal|WD,0,-0.2398580121703853,-0.0574017527366355,2008,1,Norm,5
163500.0,53,NAmes,house,Normal|WD,0,0.1678571428571428,0.016453382084095,2007,2,PosN,6
88000.0,5,MeadowV,house,Normal|WD,0,0.0,-0.1020408163265306,2009,1,Norm,4
240000.0,13,Mitchel,house,Normal|WD,0,0.5635179153094463,-0.0030211480362537,2009,2,Norm,7
102000.0,4,SWISU,house,Normal|WD,0,-0.2688172043010752,,2006,0,Norm,5
135000.0,13,Sawyer,house,Normal|WD,0,0.0,0.0387596899224806,2008,1,Norm,5
100000.0,11,Edwards,apartment,Normal|WD,0,-0.1786447638603696,-0.0446428571428571,2010,0,Norm,5
165000.0,19,Crawfor,house,Normal|WD,0,-0.1775659940984129,-0.0775908045977011,2007,1,Norm,6
85000.0,24,OldTown,house,Normal|WD,0,-0.2857142857142857,-0.1525096525096525,2009,1,Norm,5
119200.0,53,NAmes,house,Normal|WD,0,-0.1485714285714285,0.016453382084095,2007,1,Artery,6
227000.0,21,NWAmes,house,Normal|WD,0,0.2411153635866594,0.0511363636363636,2009,2,Norm,8
203000.0,39,CollgCr,house,Normal|WD,0,0.0294117647058823,0.0105263157894736,2009,2,Norm,7
187500.0,5,StoneBr,house,Abnorml|COD,1,-0.3255395683453237,0.1705263157894737,2009,2,Norm,8
160000.0,19,Gilbert,house,Normal|WD,0,-0.1160220994475138,-0.0413633894622487,2007,2,Norm,7
213490.0,7,Blmngtn,house,Normal|WD,0,0.1177486910994764,,2006,2,Norm,7
176000.0,26,Edwards,house,Normal|WD,0,0.4455852156057495,0.10625,2008,2,Norm,4
194000.0,32,CollgCr,house,Partial|New,1,-0.0162271805273833,,2006,2,Norm,7
87000.0,24,OldTown,house,Normal|WD,0,-0.2689075630252101,-0.0375685943436049,2007,1,Norm,5
191000.0,2,Blmngtn,house,Normal|WD,0,0.0,-0.0431032366969274,2008,2,Norm,7
287000.0,7,Timber,house,Abnorml|COD,1,0.2561549403654666,-0.0420502092050209,2008,2,Norm,8
112500.0,30,CollgCr,house,Normal|WD,0,-0.4295131845841785,0.0078525,2007,2,Norm,5
167500.0,33,NAmes,house,Normal|WD,0,0.1964285714285714,0.0719424460431654,2010,2,Feedr,5
293077.0,7,Timber,house,Partial|New,1,0.282753036437247,-0.0420502092050209,2008,3,Norm,8
105000.0,53,NAmes,house,Normal|WD,0,-0.25,0.016453382084095,2007,1,Artery,5
118000.0,4,BrDale,house,Normal|WD,0,0.1132075471698113,,2006,1,Norm,6
160000.0,4,SWISU,house,Normal|WD,0,0.1469534050179211,,2006,0,Norm,5
197000.0,8,SWISU,house,Normal|WD,0,0.4121863799283154,0.0444199706314243,2009,2,Norm,7
310000.0,9,NoRidge,house,Abnorml|WD,1,0.0281923714759535,,2006,3,Norm,8
230000.0,32,CollgCr,house,Normal|WD,0,0.1663286004056795,,2006,3,Norm,7
119750.0,19,Crawfor,house,Normal|WD,0,-0.4031122896562724,-0.0775908045977011,2007,1,Norm,5
84000.0,27,Edwards,house,Normal|WD,0,-0.3100616016427104,-0.1563088512241054,2009,1,Norm,4
315500.0,8,Timber,house,Normal|WD,0,0.3808950651055914,-0.0292640314479143,2009,3,Norm,9
287000.0,36,CollgCr,house,Normal|WD,0,0.4553752535496957,-0.0574017527366355,2008,2,Norm,8
97000.0,5,MeadowV,house,Normal|WD,0,0.1022727272727272,-0.1020408163265306,2009,0,Norm,4
80000.0,5,MeadowV,house,Normal|WD,0,-0.0909090909090909,-0.1020408163265306,2009,1,Norm,4
155000.0,17,Sawyer,house,Normal|WD,0,0.1481481481481481,,2006,2,Norm,5
173000.0,15,NWAmes,house,Normal|WD,0,-0.0541279387643521,-0.0042432814710042,2008,2,Feedr,6
196000.0,22,NridgHt,house,Normal|WD,0,-0.3777777777777777,-0.2375246047024723,2009,2,Norm,6
262280.0,11,SawyerW,house,Normal|WD,0,0.4579210672595886,-0.1384615384615384,2008,2,Norm,7
278000.0,21,NWAmes,house,Normal|WD,0,0.5199562602515035,0.0511363636363636,2009,2,PosN,8
139600.0,27,Edwards,house,Normal|WD,0,0.146611909650924,-0.1563088512241054,2009,2,Norm,3
556581.0,6,StoneBr,house,Partial|New,1,1.002089928057554,,2006,3,Norm,9
145000.0,36,CollgCr,house,Normal|WD,0,-0.2647058823529412,-0.0574017527366355,2008,2,Norm,5
115000.0,13,Mitchel,house,Normal|WD,0,-0.250814332247557,-0.0030211480362537,2009,2,Norm,5
84900.0,11,Edwards,house,Abnorml|WD,1,-0.3026694045174538,-0.0446428571428571,2010,1,Norm,4
176485.0,19,Gilbert,house,Partial|New,1,-0.0249447513812154,-0.0413633894622487,2007,2,Norm,7
200141.0,30,CollgCr,house,Partial|New,1,0.0149137931034482,0.0078525,2007,2,Norm,7
165000.0,53,NAmes,house,Normal|WD,0,0.1785714285714285,0.016453382084095,2007,2,Artery,6
144500.0,11,Edwards,house,Normal|WD,0,0.1868583162217659,-0.0446428571428571,2010,1,Norm,5
255000.0,32,CollgCr,house,Normal|WD,0,0.293103448275862,,2006,2,Norm,8
180000.0,15,NWAmes,house,Abnorml|COD,1,-0.0158556588299617,-0.0042432814710042,2008,2,Norm,6
185850.0,17,NridgHt,house,Normal|WD,0,-0.41,,2006,2,Norm,7
248000.0,8,NoRidge,house,Normal|WD,0,-0.1774461028192371,0.0916463909164639,2009,2,Norm,7
335000.0,22,NridgHt,house,Normal|WD,0,0.0634920634920634,-0.2375246047024723,2009,3,Norm,9
220000.0,19,Crawfor,house,Normal|WD,0,0.0965786745354494,-0.0775908045977011,2007,2,Norm,6
213500.0,5,StoneBr,house,Normal|WD,0,-0.2320143884892086,-0.1492805755395683,2010,2,Norm,8
81000.0,7,IDOTRR,house,Normal|ConLD,1,-0.2135922330097087,-0.2330762639245929,2008,3,Norm,3
90000.0,24,OldTown,house,Normal|WD,0,-0.2436974789915966,-0.0375685943436049,2007,2,Norm,5
110500.0,26,OldTown,house,Normal|WD,0,-0.0714285714285714,,2006,2,Artery,6
154000.0,45,NAmes,house,Normal|WD,0,0.1,-0.0430292598967297,2009,2,Norm,5
328000.0,4,ClearCr,house,Normal|WD,0,0.6379525593008739,0.4556998556998557,2010,2,Norm,7
178000.0,20,Gilbert,house,Normal|WD,0,-0.0165745856353591,-0.0251001335113484,2009,2,Norm,6
167900.0,50,NAmes,house,Normal|WD,0,0.1992857142857143,0.0449640287769784,2008,2,Norm,6
151400.0,3,MeadowV,house,Normal|WD,0,0.7204545454545455,,2006,2,Norm,6
135000.0,53,NAmes,house,Normal|WD,0,-0.0357142857142857,0.016453382084095,2007,2,Norm,5
135000.0,53,NAmes,house,Normal|WD,0,-0.0357142857142857,0.016453382084095,2007,1,Norm,5
154000.0,21,NWAmes,house,Normal|WD,0,-0.1580098414434117,0.0511363636363636,2009,2,RRAn,6
91500.0,19,Edwards,house,Normal|WD,0,-0.2484599589322381,,2006,1,Artery,5
159500.0,27,Edwards,house,Normal|WD,0,0.3100616016427104,-0.1563088512241054,2009,2,Norm,6
194000.0,30,CollgCr,house,Normal|WD,0,-0.0162271805273833,0.0078525,2007,3,Norm,7
219500.0,19,Crawfor,house,Normal|CWD,1,0.0940864502751415,-0.0775908045977011,2007,1,Norm,7
170000.0,26,OldTown,house,Normal|WD,0,0.4285714285714285,,2006,2,Norm,5
138800.0,44,NAmes,house,Abnorml|WD,1,-0.0085714285714285,,2006,1,Norm,5
155900.0,32,CollgCr,house,Normal|WD,0,-0.2094320486815415,,2006,2,Norm,6
126000.0,30,CollgCr,house,Normal|WD,0,-0.3610547667342799,0.0078525,2007,1,Norm,5
145000.0,15,NWAmes,house,Abnorml|COD,1,-0.2072170585019136,-0.0042432814710042,2008,2,Norm,6
133000.0,16,Sawyer,house,Normal|WD,0,-0.0148148148148148,-0.0437956204379562,2010,1,Feedr,5
192000.0,30,CollgCr,house,Normal|WD,0,-0.0263691683569979,0.0078525,2007,2,Norm,7
160000.0,44,NAmes,house,Normal|WD,0,0.1428571428571428,,2006,1,Norm,6
187500.0,24,Gilbert,house,Normal|WD,0,0.0359116022099447,,2006,2,Norm,6
147000.0,13,SawyerW,house,Normal|WD,0,-0.1828793774319066,-0.0373174689021092,2010,2,Norm,6
83500.0,3,MeadowV,house,Normal|WD,0,-0.0511363636363636,-0.0511363636363636,2010,1,Norm,4
252000.0,18,Somerst,house,Normal|WD,0,0.1175166297117516,0.068709010079669,2009,3,Norm,8
137500.0,19,Edwards,house,Normal|WD,0,0.1293634496919918,,2006,2,Norm,7
197000.0,16,Somerst,house,Normal|WD,0,-0.1263858093126385,,2006,2,Norm,8
92900.0,45,NAmes,apartment,Normal|WD,0,-0.3364285714285714,-0.0430292598967297,2009,2,Norm,3
160000.0,20,Somerst,house,Normal|WD,0,-0.2904656319290465,-0.0010882110469909,2008,2,Norm,7
136500.0,8,SWISU,house,Normal|WD,0,-0.021505376344086,-0.2736,2008,2,Norm,6
146000.0,44,NAmes,house,Normal|WD,0,0.0428571428571428,,2006,2,Feedr,5
129000.0,33,NAmes,house,Normal|WD,0,-0.0785714285714285,0.0719424460431654,2010,1,Norm,5
176432.0,30,CollgCr,house,Normal|WD,0,-0.105314401622718,0.0078525,2007,2,Norm,6
127000.0,12,IDOTRR,house,Normal|WD,0,0.233009708737864,0.0957746478873239,2007,0,Norm,6
170000.0,5,StoneBr,house,Normal|WD,0,-0.3884892086330935,-0.2627610626227202,2007,2,Norm,8
128000.0,17,BrkSide,house,Normal|WD,0,0.0297666934835076,0.0364372469635627,2009,1,Norm,4
157000.0,21,NWAmes,house,Abnorml|COD,1,-0.1416074357572443,0.0511363636363636,2009,2,RRAn,7
60000.0,8,SWISU,studio,Normal|WD,0,-0.5698924731182796,0.0444199706314243,2009,1,Norm,2
119500.0,53,NAmes,house,Normal|WD,0,-0.1464285714285714,0.016453382084095,2007,1,Norm,5
135000.0,53,NAmes,house,Family|WD,1,-0.0357142857142857,0.016453382084095,2007,1,Norm,5
159500.0,44,NAmes,house,Normal|WD,0,0.1392857142857143,,2006,2,Norm,6
106000.0,3,BrDale,house,Normal|WD,0,0.0,0.2150537634408602,2007,2,Norm,5
325000.0,7,NoRidge,house,Normal|WD,0,0.0779436152570481,-0.138187221396731,2010,2,Norm,8
179900.0,12,SawyerW,house,Normal|WD,0,0.0,0.2458820005989817,2007,2,Feedr,7
274725.0,24,Gilbert,house,Partial|New,1,0.5178176795580111,,2006,2,Norm,7
181000.0,19,Gilbert,house,Abnorml|WD,1,0.0,-0.0413633894622487,2007,2,Norm,6
280000.0,22,NridgHt,house,Normal|WD,0,-0.1111111111111111,-0.2375246047024723,2009,3,Norm,8
188000.0,10,Gilbert,house,Normal|WD,0,0.0386740331491712,0.0609966852707028,2008,2,Norm,6
205000.0,15,NWAmes,house,Normal|WD,0,0.1208310552214324,-0.0042432814710042,2008,2,Norm,7
129900.0,44,NAmes,house,Normal|WD,0,-0.0721428571428571,,2006,1,Norm,5
134500.0,53,NAmes,house,Normal|WD,0,-0.0392857142857142,0.016453382084095,2007,1,Norm,5
117000.0,26,OldTown,house,Normal|WD,0,-0.0168067226890756,,2006,1,Norm,5
318000.0,18,NridgHt,house,Partial|New,1,0.0095238095238095,0.0079365079365079,2007,3,Norm,8
184100.0,20,Gilbert,house,Normal|WD,0,0.0171270718232044,-0.0251001335113484,2009,2,Norm,8
130000.0,13,Sawyer,house,Normal|WD,0,-0.037037037037037,0.0387596899224806,2008,2,Feedr,5
140000.0,13,Sawyer,house,Normal|WD,0,0.037037037037037,0.0387596899224806,2008,1,Norm,5
133700.0,44,NAmes,house,Normal|WD,0,-0.045,,2006,1,Norm,5
118400.0,12,IDOTRR,house,Normal|WD,0,0.1495145631067961,0.0957746478873239,2007,1,Norm,6
212900.0,32,CollgCr,house,Partial|New,1,0.0796146044624746,,2006,3,Norm,7
112000.0,27,Edwards,house,Abnorml|COD,1,-0.0800821355236139,-0.1563088512241054,2009,1,Norm,4
118000.0,27,Edwards,house,Normal|WD,0,-0.0308008213552361,-0.1563088512241054,2009,0,Norm,5
163900.0,19,Gilbert,house,Normal|WD,0,-0.0944751381215469,-0.0413633894622487,2007,2,Norm,7
115000.0,45,NAmes,house,Normal|WD,0,-0.1785714285714285,-0.0430292598967297,2009,2,Norm,4
174000.0,5,Blmngtn,house,Normal|WD,0,-0.0890052356020942,0.0025791191097051,2009,3,Norm,7
259000.0,19,Gilbert,house,Family|WD,1,0.430939226519337,-0.0413633894622487,2007,3,Norm,7
215000.0,19,Gilbert,house,Normal|WD,0,0.1878453038674033,-0.0413633894622487,2007,2,Norm,7
140000.0,24,OldTown,apartment,Normal|WD,0,0.1764705882352941,-0.0375685943436049,2007,2,Norm,5
135000.0,8,SWISU,house,Normal|WD,0,-0.032258064516129,0.0444199706314243,2009,2,Norm,4
93500.0,11,Mitchel,house,Abnorml|Oth,1,-0.3908794788273615,-0.1270358306188925,2007,0,Norm,5
117500.0,24,OldTown,house,Normal|WD,0,-0.0126050420168067,-0.0375685943436049,2007,1,Norm,6
239500.0,15,SawyerW,house,Normal|WD,0,0.3312951639799888,0.0318080357142857,2009,2,Norm,8
169000.0,19,Gilbert,house,Normal|WD,0,-0.0662983425414364,-0.0413633894622487,2007,2,Norm,6
102000.0,10,BrkSide,house,Normal|WD,0,-0.1794046661303298,0.1768558951965065,2007,1,Norm,6
119000.0,50,NAmes,house,Abnorml|WD,1,-0.15,0.0449640287769784,2008,1,Norm,6
94000.0,16,Sawyer,house,Normal|WD,0,-0.3037037037037037,-0.0437956204379562,2010,0,Feedr,5
196000.0,13,Mitchel,house,Normal|WD,0,0.2768729641693811,-0.0030211480362537,2009,2,Norm,6
144000.0,10,BrkSide,house,Normal|WD,0,0.1584875301689461,0.1768558951965065,2007,2,Norm,5
139000.0,50,NAmes,house,Abnorml|COD,1,-0.0071428571428571,0.0449640287769784,2008,2,Norm,5
197500.0,21,NWAmes,house,Normal|WD,0,0.0798250410060142,0.0511363636363636,2009,2,PosN,5
424870.0,30,CollgCr,house,Partial|New,1,1.1545131845841785,0.0078525,2007,3,Norm,8
80000.0,13,Sawyer,house,Normal|WD,0,-0.4074074074074074,0.0387596899224806,2008,0,Norm,5
80000.0,11,Edwards,house,Normal|WD,0,-0.3429158110882956,-0.0446428571428571,2010,1,Norm,4
149000.0,15,BrkSide,house,Family|WD,1,0.1987127916331456,,2006,1,Norm,5
180000.0,8,SawyerW,house,Normal|WD,0,0.0005558643690939,,2006,2,Norm,6
174500.0,9,Crawfor,house,Normal|WD,0,-0.130213733152564,-0.2209821428571428,2009,1,Norm,7
116900.0,25,OldTown,house,Normal|WD,0,-0.0176470588235294,0.1359649122807017,2008,1,Norm,7
143000.0,24,OldTown,house,Normal|WD,0,0.2016806722689075,-0.1525096525096525,2009,2,Artery,7
124000.0,53,NAmes,house,Normal|WD,0,-0.1142857142857142,0.016453382084095,2007,1,Norm,6
149900.0,19,Edwards,house,Normal|WD,0,0.2312114989733059,,2006,2,Norm,5
230000.0,11,Crawfor,house,Abnorml|WD,1,0.1464231597416062,,2006,2,Norm,6
120500.0,7,IDOTRR,house,Normal|WD,0,0.1699029126213592,-0.2330762639245929,2008,1,Norm,6
201800.0,50,NAmes,house,Normal|WD,0,0.4414285714285714,0.0449640287769784,2008,2,Norm,7
218000.0,5,Veenker,house,Normal|WD,0,0.0,-0.2814814814814815,2007,2,Norm,5
179900.0,50,NAmes,house,Normal|WD,0,0.285,0.0449640287769784,2008,2,Norm,5
230000.0,22,NridgHt,house,Normal|WD,0,-0.2698412698412698,-0.2375246047024723,2009,2,Norm,7
235128.0,20,Somerst,house,Partial|ConLD,1,0.0426962305986696,-0.0010882110469909,2008,3,Feedr,8
185000.0,15,NWAmes,house,Normal|WD,0,0.0114816839803171,-0.0042432814710042,2008,2,Norm,6
146000.0,2,NPkVill,house,Normal|WD,0,0.0,-0.0744500846023688,2010,2,Norm,6
224000.0,9,Crawfor,house,Normal|WD,0,0.1165164686179121,0.1165164686179121,2008,2,PosN,6
129000.0,17,Sawyer,house,Normal|WD,0,-0.0444444444444444,-0.1456953642384106,2007,2,Norm,5
108959.0,13,Sawyer,apartment,Alloca|WD,1,-0.1928962962962963,0.0387596899224806,2008,2,Feedr,4
194000.0,5,Veenker,house,Normal|WD,0,-0.110091743119266,-0.2814814814814815,2007,2,Feedr,5
233170.0,22,NridgHt,house,Partial|New,1,-0.2597777777777778,-0.2375246047024723,2009,2,Norm,7
245350.0,13,CollgCr,house,Normal|WD,0,0.2441683569979716,0.0729166666666666,2010,3,Norm,8
173000.0,24,Gilbert,house,Normal|WD,0,-0.0441988950276243,,2006,2,RRAn,6
235000.0,26,Edwards,house,Normal|WD,0,0.9301848049281314,0.10625,2008,2,Norm,6
625000.0,9,NoRidge,house,Normal|WD,0,1.0729684908789383,,2006,3,Norm,10
171000.0,10,Mitchel,house,Normal|WD,0,0.1140065146579804,0.2350746268656716,2008,1,Norm,6
163000.0,50,NAmes,house,Normal|WD,0,0.1642857142857142,0.0449640287769784,2008,2,Norm,6
171900.0,20,Somerst,house,Normal|WD,0,-0.2376940133037694,-0.0010882110469909,2008,2,Norm,7
200500.0,6,ClearCr,house,Normal|WD,0,0.0012484394506866,0.1868421052631579,2007,0,Norm,5
239000.0,11,Crawfor,house,Normal|WD,0,0.1912831964271473,,2006,2,Norm,6
285000.0,11,NoRidge,house,Normal|WD,0,-0.0547263681592039,0.0785714285714285,2007,2,Norm,8
119500.0,10,Mitchel,house,Normal|WD,0,-0.2214983713355048,0.2350746268656716,2008,1,Norm,5
115000.0,24,OldTown,house,Normal|WD,0,-0.0336134453781512,-0.1525096525096525,2009,1,Artery,6
154900.0,9,Crawfor,house,Normal|WD,0,-0.2279089241566313,-0.2209821428571428,2009,1,Norm,5
93000.0,19,Edwards,house,Normal|WD,0,-0.2361396303901437,,2006,0,Norm,5
250000.0,7,Timber,house,Normal|WD,0,0.09421162052741,,2006,2,Norm,7
392500.0,9,Crawfor,house,Partial|New,1,0.956396044341654,0.1165164686179121,2008,2,Norm,8
745000.0,11,NoRidge,house,Abnorml|WD,1,1.470978441127695,0.0785714285714285,2007,3,Norm,10
120000.0,26,OldTown,house,Normal|WD,0,0.0084033613445378,,2006,2,Norm,5
186700.0,11,Timber,house,Normal|WD,0,-0.1828427617901302,-0.044,2007,3,Norm,5
104900.0,19,Edwards,house,Normal|WD,0,-0.1383983572895277,,2006,1,Norm,5
95000.0,24,OldTown,house,Abnorml|WD,1,-0.2016806722689075,-0.1525096525096525,2009,2,Artery,3
262000.0,9,NoRidge,house,Normal|WD,0,-0.1310116086235489,,2006,3,Norm,8
195000.0,39,CollgCr,house,Normal|WD,0,-0.011156186612576,0.0105263157894736,2009,2,Norm,7
189000.0,6,Gilbert,house,Normal|WD,0,0.0441988950276243,0.0106820049301561,2010,2,Norm,7
168000.0,11,Mitchel,house,Normal|WD,0,0.0944625407166123,-0.1270358306188925,2007,4,Norm,4
174000.0,24,Somerst,house,Normal|WD,0,-0.2283813747228381,0.2154308617234469,2007,2,Norm,8
125000.0,24,OldTown,house,Normal|WD,0,0.0504201680672268,-0.0375685943436049,2007,1,Norm,5
165000.0,13,Mitchel,house,Normal|WD,0,0.0749185667752443,-0.0030211480362537,2009,2,Norm,6
158000.0,16,Sawyer,house,Normal|WD,0,0.1703703703703703,-0.0437956204379562,2010,1,Norm,6
176000.0,10,Gilbert,house,Normal|WD,0,-0.0276243093922651,0.0609966852707028,2008,2,Norm,6
219210.0,24,Gilbert,house,Partial|New,1,0.2111049723756906,,2006,3,Norm,7
144000.0,26,OldTown,house,Normal|ConLw,1,0.2100840336134453,,2006,1,Norm,7
178000.0,39,CollgCr,house,Normal|WD,0,-0.0973630831643002,0.0105263157894736,2009,2,Norm,7
148000.0,17,Sawyer,house,Normal|WD,0,0.0962962962962963,,2006,2,Norm,4
116050.0,44,NAmes,house,Abnorml|Oth,1,-0.1710714285714285,,2006,1,Norm,4
197900.0,39,CollgCr,house,Normal|WD,0,0.0035496957403651,0.0105263157894736,2009,2,Norm,7
117000.0,17,BrkSide,house,Normal|WD,0,-0.0587288817377312,0.0364372469635627,2009,1,Norm,5
213000.0,39,CollgCr,house,Normal|WD,0,0.0801217038539553,0.0105263157894736,2009,2,Norm,7
153500.0,18,NWAmes,house,Normal|WD,0,-0.1607435757244396,,2006,2,Norm,5
271900.0,15,SawyerW,house,Normal|WD,0,0.5113952195664258,0.0318080357142857,2009,3,Norm,7
107000.0,8,SawyerW,house,Normal|WD,0,-0.405225125069483,,2006,1,Norm,4
200000.0,32,CollgCr,house,Normal|WD,0,0.0141987829614604,,2006,2,Norm,6
140000.0,50,NAmes,house,Normal|WD,0,0.0,0.0449640287769784,2008,2,Norm,5
290000.0,16,Somerst,house,Partial|New,1,0.2860310421286031,,2006,2,RRNn,8
189000.0,13,SawyerW,house,Normal|WD,0,0.0505836575875486,-0.0373174689021092,2010,2,Norm,6
164000.0,6,Gilbert,house,Normal|WD,0,-0.0939226519337016,0.0106820049301561,2010,2,Norm,8
113000.0,27,Edwards,house,Normal|WD,0,-0.0718685831622176,-0.1563088512241054,2009,1,Norm,4
145000.0,17,Sawyer,house,Normal|WD,0,0.074074074074074,,2006,1,Norm,4
134500.0,44,NAmes,house,Normal|WD,0,-0.0392857142857142,,2006,1,Norm,5
125000.0,17,Sawyer,house,Normal|WD,0,-0.074074074074074,-0.1456953642384106,2007,1,Norm,5
112000.0,16,Sawyer,apartment,Normal|WD,0,-0.1703703703703703,-0.0437956204379562,2010,2,RRAe,6
229456.0,18,Somerst,house,Partial|New,1,0.0175432372505543,0.068709010079669,2009,2,Norm,8
80500.0,15,BrkSide,house,Normal|WD,0,-0.3523732904263877,,2006,0,Norm,4
91500.0,4,BrDale,house,Abnorml|WD,1,-0.1367924528301886,,2006,0,Norm,6
115000.0,44,NAmes,house,Abnorml|WD,1,-0.1785714285714285,,2006,1,Norm,5
134000.0,13,Sawyer,house,Normal|WD,0,-0.0074074074074074,0.0387596899224806,2008,1,Feedr,5
143000.0,53,NAmes,house,Normal|WD,0,0.0214285714285714,0.016453382084095,2007,1,Artery,6
137900.0,44,NAmes,house,Normal|WD,0,-0.015,,2006,2,Norm,5
184000.0,10,Gilbert,house,Normal|WD,0,0.0165745856353591,0.0609966852707028,2008,2,RRAn,7
145000.0,53,NAmes,house,Normal|WD,0,0.0357142857142857,0.016453382084095,2007,1,Norm,6
214000.0,20,Somerst,house,Normal|WD,0,-0.0509977827050997,-0.0010882110469909,2008,3,Feedr,6
147000.0,50,NAmes,house,Normal|WD,0,0.05,0.0449640287769784,2008,2,Norm,5
367294.0,12,NridgHt,house,Partial|New,1,0.1660126984126984,0.1648755905511811,2008,3,Norm,9
127000.0,50,NAmes,house,Normal|WD,0,-0.0928571428571428,0.0449640287769784,2008,1,Norm,5
190000.0,17,Sawyer,apartment,Normal|WD,0,0.4074074074074074,-0.1456953642384106,2007,2,Feedr,5
132500.0,44,NAmes,apartment,Normal|WD,0,-0.0535714285714285,,2006,2,Norm,5
101800.0,53,NAmes,apartment,Normal|WD,0,-0.2728571428571428,0.016453382084095,2007,2,Norm,4
142000.0,33,NAmes,house,Abnorml|COD,1,0.0142857142857142,0.0719424460431654,2010,2,Norm,5
130000.0,8,SWISU,house,Abnorml|WD,1,-0.068100358422939,-0.2736,2008,0,Norm,5
138887.0,11,Crawfor,house,Normal|WD,0,-0.3077248983172502,,2006,1,Norm,5
175500.0,8,NridgHt,house,Normal|WD,0,-0.4428571428571428,-0.0602836879432624,2010,2,Norm,7
195000.0,32,CollgCr,house,Normal|WD,0,-0.011156186612576,,2006,2,Norm,7
142500.0,8,SawyerW,house,Abnorml|WD,1,-0.2078932740411339,,2006,2,RRAe,6
265900.0,11,Timber,house,Normal|WD,0,0.1638034795929532,-0.044,2007,2,Norm,8
224900.0,36,CollgCr,house,Normal|WD,0,0.1404665314401622,-0.0574017527366355,2008,2,Norm,7
248328.0,24,Somerst,house,Partial|New,1,0.1012328159645232,0.2154308617234469,2007,3,Norm,7
170000.0,7,NWAmes,house,Family|WD,1,-0.0705303444505194,0.0621621621621621,2010,2,Norm,7
465000.0,17,NridgHt,house,Partial|New,1,0.4761904761904761,,2006,3,Norm,10
230000.0,11,Crawfor,house,Normal|WD,0,0.1464231597416062,,2006,2,Norm,8
178000.0,12,NWAmes,house,Abnorml|WD,1,-0.0267905959540732,-0.0697368421052631,2007,2,Norm,6
186500.0,16,Somerst,house,Partial|New,1,-0.1729490022172949,,2006,2,Norm,7
169900.0,4,Mitchel,house,Normal|WD,0,0.1068403908794788,-0.0066666666666666,2010,3,Norm,6
129500.0,25,OldTown,house,Normal|WD,0,0.088235294117647,0.1359649122807017,2008,2,Norm,6
119000.0,53,NAmes,house,Normal|WD,0,-0.15,0.016453382084095,2007,1,Norm,5
244000.0,33,NAmes,house,Normal|WD,0,0.7428571428571429,0.0719424460431654,2010,2,Norm,7
171750.0,17,NridgHt,house,Normal|WD,0,-0.4547619047619047,,2006,2,Norm,7
130000.0,13,Mitchel,house,Normal|WD,0,-0.1530944625407166,-0.0030211480362537,2009,1,Norm,5
294000.0,5,Veenker,house,Normal|WD,0,0.3486238532110092,-0.2814814814814815,2007,2,Norm,7
165400.0,26,Edwards,house,Normal|WD,0,0.3585215605749486,0.10625,2008,2,Norm,7
127500.0,10,BrkSide,house,Normal|WD,0,0.0257441673370876,0.1768558951965065,2007,1,Norm,6
301500.0,6,NoRidge,house,Normal|WD,0,0.0,0.0206953642384105,2008,2,Norm,8
99900.0,27,Edwards,house,Normal|WD,0,-0.1794661190965092,-0.1563088512241054,2009,0,Feedr,5
190000.0,10,Gilbert,house,Normal|WD,0,0.0497237569060773,0.0609966852707028,2008,2,Norm,7
151000.0,50,NAmes,house,Normal|WD,0,0.0785714285714285,0.0449640287769784,2008,2,Norm,6
181000.0,20,Gilbert,house,Normal|WD,0,0.0,-0.0251001335113484,2009,2,RRAn,6
128900.0,45,NAmes,house,Normal|WD,0,-0.0792857142857142,-0.0430292598967297,2009,1,Norm,5
161500.0,4,ClearCr,house,Normal|WD,0,-0.1935081148564294,-0.2034482758620689,2009,1,Norm,4
180500.0,10,BrkSide,house,Normal|WD,0,0.4521319388576025,0.1768558951965065,2007,2,Norm,6
181000.0,50,NAmes,house,Abnorml|COD,1,0.2928571428571428,0.0449640287769784,2008,2,Norm,6
183900.0,16,Somerst,house,Normal|WD,0,-0.1844789356984479,,2006,2,Norm,7
122000.0,24,OldTown,house,Normal|WD,0,0.0252100840336134,-0.0375685943436049,2007,1,Feedr,7
378500.0,5,Timber,house,Normal|WD,0,0.6566363934784988,-0.0330708661417322,2010,3,Norm,9
381000.0,9,Crawfor,house,Normal|WD,0,0.8990748863545738,0.1165164686179121,2008,3,Norm,8
144000.0,53,NAmes,house,Normal|WD,0,0.0285714285714285,0.016453382084095,2007,1,Feedr,5
260000.0,4,ClearCr,house,Normal|WD,0,0.2983770287141074,0.4556998556998557,2010,2,Norm,7
185750.0,21,NWAmes,house,Normal|WD,0,0.0155822854018589,0.0511363636363636,2009,2,PosN,6
137000.0,17,Sawyer,house,Normal|WD,0,0.0148148148148148,,2006,1,Norm,5
177000.0,26,Edwards,house,Normal|WD,0,0.4537987679671458,0.10625,2008,1,Norm,6
139000.0,19,Crawfor,house,Normal|WD,0,-0.3071616556344206,-0.0775908045977011,2007,2,Norm,5
137000.0,53,NAmes,apartment,Normal|WD,0,-0.0214285714285714,0.016453382084095,2007,2,Feedr,5
162000.0,21,NWAmes,house,Normal|WD,0,-0.1142700929469655,0.0511363636363636,2009,2,Norm,6
197900.0,21,NWAmes,house,Normal|WD,0,0.0820120284308365,0.0511363636363636,2009,2,Norm,6
237000.0,36,CollgCr,house,Normal|WD,0,0.2018255578093306,-0.0574017527366355,2008,2,Norm,8
68400.0,6,IDOTRR,house,Abnorml|COD,1,-0.3359223300970874,0.0069176470588235,2010,2,Norm,4
227000.0,39,CollgCr,house,Normal|WD,0,0.1511156186612576,0.0105263157894736,2009,2,Norm,7
180000.0,7,Timber,house,Normal|WD,0,-0.2121676332202648,,2006,2,Norm,7
150500.0,39,CollgCr,house,Normal|WD,0,-0.236815415821501,0.0105263157894736,2009,2,Norm,5
139000.0,4,Mitchel,apartment,Normal|WD,0,-0.0944625407166123,-0.0066666666666666,2010,0,Norm,6
169000.0,3,SWISU,house,Normal|WD,0,0.2114695340501792,-0.1001757469244288,2010,1,Feedr,6
132500.0,17,BrkSide,house,Normal|WD,0,0.0659694288012872,0.0364372469635627,2009,1,Norm,6
143000.0,7,NWAmes,house,Normal|WD,0,-0.2181519956260251,0.0621621621621621,2010,2,Feedr,6
190000.0,6,ClearCr,house,Normal|WD,0,-0.0511860174781523,,2006,2,Norm,5
278000.0,5,StoneBr,house,Normal|WD,0,0.0,0.1705263157894737,2009,2,Norm,8
281000.0,17,NridgHt,house,Partial|New,1,-0.1079365079365079,,2006,3,Norm,8
180500.0,33,NAmes,house,Normal|WD,0,0.2892857142857143,0.0719424460431654,2010,2,Norm,5
119500.0,4,BrDale,house,Normal|WD,0,0.1273584905660377,0.2532981530343008,2009,1,Norm,5
107500.0,24,OldTown,house,Normal|WD,0,-0.0966386554621848,-0.1525096525096525,2009,1,Norm,5
162900.0,18,NWAmes,house,Normal|WD,0,-0.1093493712411153,,2006,2,Norm,7
115000.0,19,Edwards,house,Normal|WD,0,-0.055441478439425,,2006,2,Norm,5
138500.0,44,NAmes,house,Normal|WD,0,-0.0107142857142857,,2006,1,Feedr,5
155000.0,50,NAmes,house,Normal|WD,0,0.1071428571428571,0.0449640287769784,2008,2,Norm,5
140000.0,19,Edwards,house,Partial|New,1,0.1498973305954825,,2006,2,Norm,6
160000.0,26,Edwards,house,Partial|New,1,0.3141683778234086,0.10625,2008,2,Feedr,10
154000.0,33,NAmes,house,Normal|WD,0,0.1,0.0719424460431654,2010,1,Norm,5
225000.0,20,Gilbert,house,Normal|WD,0,0.2430939226519337,-0.0251001335113484,2009,2,Norm,7
177500.0,9,Crawfor,house,Normal|WD,0,-0.1152603875907169,-0.2209821428571428,2009,1,Norm,6
290000.0,9,NoRidge,house,Normal|WD,0,-0.0381426202321724,,2006,3,Norm,8
232000.0,16,Somerst,house,Normal|WD,0,0.0288248337028824,,2006,3,Norm,7
130000.0,19,Edwards,house,Normal|WD,0,0.0677618069815195,,2006,2,Norm,7
325000.0,22,NridgHt,house,Normal|WD,0,0.0317460317460317,-0.2375246047024723,2009,2,Norm,9
202500.0,17,NridgHt,house,Partial|New,1,-0.3571428571428571,,2006,2,Norm,7
138000.0,39,CollgCr,house,Normal|WD,0,-0.3002028397565923,0.0105263157894736,2009,2,Norm,5
147000.0,25,OldTown,house,Normal|WD,0,0.2352941176470588,0.1359649122807017,2008,2,Norm,5
179200.0,11,SawyerW,house,Normal|WD,0,-0.0038910505836575,-0.1384615384615384,2008,2,Norm,6
335000.0,3,Crawfor,house,Normal|WD,0,0.6697902544062525,0.6561604584527221,2010,2,PosA,7
203000.0,30,CollgCr,house,Partial|New,1,0.0294117647058823,0.0078525,2007,2,Norm,7
302000.0,11,NoRidge,house,Normal|WD,0,0.0016583747927031,0.0785714285714285,2007,2,Norm,8
333168.0,7,NoRidge,house,Normal|WD,0,0.1050348258706467,-0.138187221396731,2010,3,Norm,9
119000.0,17,Edwards,house,Normal|WD,0,-0.0225872689938398,-0.0769230769230769,2007,1,Norm,4
206900.0,50,NAmes,house,Normal|WD,0,0.4778571428571428,0.0449640287769784,2008,2,Norm,6
295493.0,39,CollgCr,house,Normal|WD,0,0.4984432048681541,0.0105263157894736,2009,3,Norm,8
208900.0,24,Somerst,house,Partial|New,1,-0.0736141906873614,0.2154308617234469,2007,2,Norm,7
275000.0,32,CollgCr,house,Normal|WD,0,0.3945233265720081,,2006,3,Norm,8
111000.0,17,Edwards,house,Normal|WD,0,-0.0882956878850102,-0.0769230769230769,2007,1,Norm,4
156500.0,45,NAmes,house,Normal|WD,0,0.1178571428571428,-0.0430292598967297,2009,2,Norm,6
72500.0,14,BrkSide,house,Normal|WD,0,-0.416733708769107,-0.0834879406307977,2008,1,Feedr,3
190000.0,7,NoRidge,house,Normal|WD,0,-0.3698175787728026,-0.138187221396731,2010,2,Norm,7
82500.0,17,BrkSide,house,Normal|WD,0,-0.336283185840708,0.0364372469635627,2009,0,Norm,4
147000.0,24,Somerst,house,Partial|New,1,-0.3481152993348115,0.2154308617234469,2007,3,Norm,8
55000.0,7,IDOTRR,house,Normal|WD,0,-0.4660194174757281,-0.2330762639245929,2008,0,Norm,4
79000.0,17,Edwards,house,Normal|WD,0,-0.351129363449692,-0.0769230769230769,2007,0,Norm,3
130500.0,10,Mitchel,house,Normal|WD,0,-0.1498371335504886,0.2350746268656716,2008,1,Norm,5
256000.0,25,OldTown,house,Normal|WD,0,1.1512605042016806,0.1359649122807017,2008,2,Norm,6
176500.0,24,Gilbert,house,Normal|WD,0,-0.0248618784530386,,2006,2,Norm,7
227000.0,24,Somerst,house,Normal|WD,0,0.0066518847006651,0.2154308617234469,2007,3,Norm,8
132500.0,32,CollgCr,house,Normal|WD,0,-0.3280933062880324,,2006,2,Norm,5
100000.0,27,Edwards,house,Normal|WD,0,-0.1786447638603696,-0.1563088512241054,2009,1,Norm,4
125500.0,7,IDOTRR,house,Normal|WD,0,0.2184466019417475,,2006,1,Norm,5
125000.0,4,BrDale,house,Normal|WD,0,0.1792452830188679,0.2532981530343008,2009,2,Norm,5
167900.0,21,NWAmes,house,Normal|WD,0,-0.0820120284308365,0.0511363636363636,2009,2,Norm,6
135000.0,15,NWAmes,apartment,Normal|WD,0,-0.2618917441224713,-0.0042432814710042,2008,2,Feedr,5
52500.0,26,OldTown,house,Normal|WD,0,-0.5588235294117647,,2006,0,Feedr,4
200000.0,32,CollgCr,house,Normal|WD,0,0.0141987829614604,,2006,2,Norm,7
128500.0,32,CollgCr,house,Normal|WD,0,-0.3483772819472616,,2006,1,Norm,5
123000.0,53,NAmes,house,Normal|WD,0,-0.1214285714285714,0.016453382084095,2007,4,Norm,4
155000.0,11,SawyerW,house,Normal|WD,0,-0.1384102279043913,-0.1384615384615384,2008,2,RRAe,6
228500.0,30,CollgCr,house,Normal|WD,0,0.1587221095334685,0.0078525,2007,2,Norm,8
177000.0,9,Crawfor,house,Normal|WD,0,-0.1177526118510248,-0.2209821428571428,2009,2,Norm,6
155835.0,30,CollgCr,house,Partial|New,1,-0.209761663286004,0.0078525,2007,2,Norm,7
108500.0,24,OldTown,house,Normal|WD,0,-0.088235294117647,-0.0375685943436049,2007,1,Norm,4
262500.0,18,NWAmes,house,Normal|WD,0,0.4352104975396391,,2006,2,PosN,7
283463.0,11,Timber,house,Partial|New,1,0.2406740343582449,-0.044,2007,3,Norm,8
215000.0,12,SawyerW,house,Normal|WD,0,0.1951083935519733,0.2458820005989817,2007,2,Norm,7
122000.0,25,OldTown,house,Normal|WD,0,0.0252100840336134,0.1359649122807017,2008,0,Norm,8
200000.0,45,NAmes,apartment,Normal|WD,0,0.4285714285714285,-0.0430292598967297,2009,4,Artery,5
171000.0,50,NAmes,house,Normal|WD,0,0.2214285714285714,0.0449640287769784,2008,2,Norm,6
134900.0,17,BrkSide,house,Normal|WD,0,0.0852775543041029,0.0364372469635627,2009,2,Norm,6
410000.0,7,NoRidge,house,Normal|WD,0,0.3598673300165838,-0.138187221396731,2010,3,Norm,8
235000.0,36,CollgCr,house,Normal|WD,0,0.191683569979716,-0.0574017527366355,2008,3,Norm,7
170000.0,18,NWAmes,house,Normal|WD,0,-0.0705303444505194,,2006,2,Norm,7
110000.0,50,NAmes,house,Normal|WD,0,-0.2142857142857142,0.0449640287769784,2008,1,Norm,5
149900.0,33,NAmes,house,Normal|WD,0,0.0707142857142857,0.0719424460431654,2010,2,Norm,5
177500.0,8,Somerst,house,Normal|WD,0,-0.212860310421286,-0.1120263591433278,2010,2,Norm,6
315000.0,17,NridgHt,house,Normal|WD,0,0.0,,2006,3,Norm,9
189000.0,8,SWISU,house,Normal|WD,0,0.3548387096774194,-0.2736,2008,2,Feedr,5
260000.0,5,StoneBr,house,Normal|WD,0,-0.0647482014388489,0.1705263157894737,2009,2,Norm,7
104900.0,45,NAmes,house,Normal|WD,0,-0.2507142857142857,-0.0430292598967297,2009,1,Feedr,4
156932.0,19,Gilbert,house,Partial|New,1,-0.1329723756906077,-0.0413633894622487,2007,2,Norm,6
144152.0,16,Somerst,house,Abnorml|WD,1,-0.3607450110864745,,2006,2,Norm,7
216000.0,8,Somerst,house,Normal|WD,0,-0.0421286031042128,-0.1120263591433278,2010,2,Norm,7
193000.0,36,CollgCr,house,Abnorml|WD,1,-0.0212981744421906,-0.0574017527366355,2008,2,Norm,7
127000.0,3,MeadowV,house,Normal|WD,0,0.4431818181818182,,2006,1,Norm,5
144000.0,39,CollgCr,house,Normal|WD,0,-0.2697768762677485,0.0105263157894736,2009,2,Norm,6
232000.0,13,CollgCr,house,Normal|WD,0,0.1764705882352941,0.0729166666666666,2010,2,Norm,8
105000.0,24,OldTown,house,Normal|WD,0,-0.1176470588235294,-0.1525096525096525,2009,1,Artery,4
165500.0,50,NAmes,house,Normal|WD,0,0.1821428571428571,0.0449640287769784,2008,1,Norm,6
274300.0,32,CollgCr,house,Normal|WD,0,0.390973630831643,,2006,2,Norm,7
466500.0,11,NoRidge,house,Normal|WD,0,0.5472636815920398,0.0785714285714285,2007,3,Norm,10
250000.0,20,Somerst,house,Normal|WD,0,0.1086474501108647,-0.0010882110469909,2008,3,Norm,7
239000.0,11,Timber,house,Partial|New,1,0.0460663092242039,-0.044,2007,3,Norm,8
91000.0,8,SWISU,house,Normal|WD,0,-0.3476702508960573,-0.2736,2008,1,Norm,6
117000.0,27,Edwards,house,Normal|WD,0,-0.0390143737166324,-0.1563088512241054,2009,2,Norm,5
83000.0,4,BrDale,house,Normal|WD,0,-0.2169811320754717,,2006,1,Norm,6
167500.0,7,Timber,house,Normal|WD,0,-0.2668782142466353,-0.0420502092050209,2008,2,Norm,5
58500.0,11,Edwards,house,Normal|WD,0,-0.5195071868583162,-0.0446428571428571,2010,1,Norm,3
237500.0,50,NAmes,house,Normal|WD,0,0.6964285714285714,0.0449640287769784,2008,2,Norm,6
157000.0,26,OldTown,house,Normal|WD,0,0.3193277310924369,,2006,2,Norm,7
112000.0,17,Sawyer,house,Normal|WD,0,-0.1703703703703703,-0.1456953642384106,2007,2,Norm,5
105000.0,27,Edwards,house,Normal|WD,0,-0.1375770020533881,-0.1563088512241054,2009,1,Norm,6
125500.0,6,IDOTRR,house,Normal|WD,0,0.2184466019417475,0.0069176470588235,2010,1,Norm,4
250000.0,18,NWAmes,house,Normal|WD,0,0.366867140513942,,2006,2,RRAn,7
136000.0,24,OldTown,house,Family|CWD,1,0.1428571428571428,-0.0375685943436049,2007,1,Artery,6
377500.0,20,Gilbert,house,Normal|WD,0,1.0856353591160222,-0.0251001335113484,2009,3,Norm,9
131000.0,10,BrkSide,house,Normal|WD,0,0.0539018503620273,0.1768558951965065,2007,2,Norm,6
235000.0,32,CollgCr,house,Normal|WD,0,0.191683569979716,,2006,2,Norm,7
124000.0,45,NAmes,apartment,Normal|WD,0,-0.1142857142857142,-0.0430292598967297,2009,3,Norm,5
123000.0,44,NAmes,house,Normal|WD,0,-0.1214285714285714,,2006,1,Norm,5
163000.0,25,OldTown,house,Normal|WD,0,0.3697478991596639,0.1359649122807017,2008,2,Norm,6
246578.0,7,Blmngtn,house,Partial|New,1,0.2909842931937172,,2006,3,Norm,7
281213.0,11,Timber,house,Normal|WD,0,0.2308261297734982,-0.044,2007,3,Norm,8
160000.0,5,Timber,house,Normal|WD,0,-0.2997045628624576,-0.0330708661417322,2010,2,Norm,5
137500.0,10,BrkSide,house,Normal|WD,0,0.1061946902654867,0.1768558951965065,2007,1,Norm,5
138000.0,45,NAmes,house,Normal|WD,0,-0.0142857142857142,-0.0430292598967297,2009,1,Norm,5
137450.0,8,SWISU,house,Normal|WD,0,-0.0146953405017921,0.0444199706314243,2009,1,Norm,6
120000.0,14,BrkSide,house,Normal|WD,0,-0.0345937248592115,-0.0834879406307977,2008,1,Norm,6
193000.0,10,Gilbert,house,Normal|WD,0,0.0662983425414364,0.0609966852707028,2008,2,Norm,6
193879.0,32,CollgCr,house,Partial|New,1,-0.016840770791075,,2006,2,Norm,7
282922.0,24,Somerst,house,Normal|WD,0,0.2546430155210643,0.2154308617234469,2007,3,RRAn,8
105000.0,26,OldTown,house,Family|WD,1,-0.1176470588235294,,2006,3,Artery,3
275000.0,9,Crawfor,house,Normal|WD,0,0.3707233431693117,0.1165164686179121,2008,2,Norm,8
133000.0,39,CollgCr,house,Normal|WD,0,-0.3255578093306288,0.0105263157894736,2009,2,Norm,5
112000.0,13,Mitchel,house,Normal|WD,0,-0.2703583061889251,-0.0030211480362537,2009,0,Norm,5
125500.0,14,OldTown,house,Normal|WD,0,0.0546218487394958,0.1298405466970387,2010,2,Norm,4
215000.0,15,NWAmes,house,Normal|WD,0,0.1755057408419901,-0.0042432814710042,2008,2,Norm,7
230000.0,39,CollgCr,house,Normal|WD,0,0.1663286004056795,0.0105263157894736,2009,2,Norm,7
140000.0,45,NAmes,house,Normal|WD,0,0.0,-0.0430292598967297,2009,1,Norm,6
90000.0,45,NAmes,apartment,Normal|WD,0,-0.3571428571428571,-0.0430292598967297,2009,2,Norm,4
257000.0,15,SawyerW,house,Abnorml|COD,1,0.4285714285714285,0.0318080357142857,2009,2,Norm,8
207000.0,14,BrkSide,house,Normal|WD,0,0.66532582461786,-0.0834879406307977,2008,2,Norm,6
175900.0,5,Blmngtn,house,Normal|WD,0,-0.0790575916230366,0.0025791191097051,2009,3,Norm,7
122500.0,14,OldTown,house,Normal|WD,0,0.0294117647058823,0.1298405466970387,2010,2,Norm,4
340000.0,8,NoRidge,house,Normal|WD,0,0.1276948590381426,0.0916463909164639,2009,3,Norm,8
124000.0,50,NAmes,house,Normal|COD,1,-0.1142857142857142,0.0449640287769784,2008,1,Norm,5
223000.0,11,Crawfor,house,Normal|WD,0,0.1115320200972964,,2006,2,Norm,6
179900.0,18,NWAmes,house,Normal|WD,0,-0.0164024056861673,,2006,2,Norm,6
127500.0,2,NPkVill,house,Normal|WD,0,-0.1267123287671233,-0.0744500846023688,2010,2,Norm,6
136500.0,36,CollgCr,house,Normal|WD,0,-0.3078093306288032,-0.0574017527366355,2008,2,Norm,6
274970.0,19,Edwards,house,Alloca|WD,1,1.2584804928131417,,2006,2,Norm,6
144000.0,53,NAmes,house,Normal|WD,0,0.0285714285714285,0.016453382084095,2007,1,Norm,5
142000.0,50,NAmes,house,Normal|WD,0,0.0142857142857142,0.0449640287769784,2008,2,Norm,6
271000.0,6,NoRidge,house,Normal|WD,0,-0.1011608623548922,0.0206953642384105,2008,2,Norm,7
140000.0,50,NAmes,house,Normal|WD,0,0.0,0.0449640287769784,2008,1,Artery,5
119000.0,14,OldTown,house,Abnorml|WD,1,0.0,0.1298405466970387,2010,1,Norm,5
182900.0,12,NWAmes,house,Normal|WD,0,0.0,-0.0697368421052631,2007,2,Norm,6
192140.0,24,Gilbert,house,Normal|WD,0,0.0615469613259668,,2006,2,RRAn,5
143750.0,4,NPkVill,house,Normal|WD,0,-0.0154109589041095,0.0553571428571428,2009,2,Norm,6
64500.0,24,OldTown,house,Normal|WD,0,-0.4579831932773109,-0.0375685943436049,2007,1,Norm,4
186500.0,10,Gilbert,house,Normal|WD,0,0.0303867403314917,0.0609966852707028,2008,2,Norm,6
160000.0,11,Mitchel,house,Normal|WD,0,0.0423452768729641,,2006,2,Norm,5
174000.0,50,NAmes,house,Abnorml|COD,1,0.2428571428571428,0.0449640287769784,2008,2,Norm,6
120500.0,53,NAmes,house,Normal|WD,0,-0.1392857142857143,0.016453382084095,2007,2,Norm,4
394617.0,12,NridgHt,house,Partial|New,1,0.2527523809523809,0.1648755905511811,2008,3,Norm,8
149700.0,14,OldTown,house,Normal|WD,0,0.2579831932773109,0.1298405466970387,2010,2,Artery,6
197000.0,12,NWAmes,house,Normal|WD,0,0.0770913067249863,-0.0697368421052631,2007,2,Norm,7
191000.0,9,Crawfor,house,Normal|WD,0,-0.0479703325624052,0.1165164686179121,2008,2,Norm,6
149300.0,36,CollgCr,house,Normal|WD,0,-0.2429006085192697,-0.0574017527366355,2008,2,Norm,6
310000.0,18,Somerst,house,Normal|WD,0,0.3747228381374722,0.068709010079669,2009,3,Norm,10
121000.0,17,BrkSide,house,Normal|WD,0,-0.0265486725663716,0.0364372469635627,2009,1,Norm,6
179600.0,30,CollgCr,house,Normal|WD,0,-0.0892494929006085,0.0078525,2007,2,Norm,7
129000.0,17,Sawyer,house,Normal|WD,0,-0.0444444444444444,-0.1456953642384106,2007,1,Norm,6
157900.0,4,Mitchel,house,Normal|WD,0,0.0286644951140065,-0.0066666666666666,2010,1,Norm,5
240000.0,30,CollgCr,house,Normal|WD,0,0.2170385395537525,0.0078525,2007,2,Norm,8
112000.0,17,Edwards,house,Normal|WD,0,-0.0800821355236139,-0.0769230769230769,2007,1,Norm,4
92000.0,3,MeadowV,house,Abnorml|WD,1,0.0454545454545454,,2006,0,Norm,5
136000.0,45,NAmes,apartment,Normal|WD,0,-0.0285714285714285,-0.0430292598967297,2009,0,Norm,5
287090.0,18,Somerst,house,Partial|New,1,0.2731263858093126,0.068709010079669,2009,3,Norm,8
145000.0,19,Edwards,house,Normal|WD,0,0.190965092402464,,2006,2,Norm,5
84500.0,11,Mitchel,house,Abnorml|WD,1,-0.4495114006514658,,2006,0,Norm,5
185000.0,18,Somerst,house,Normal|WD,0,-0.17960088691796,0.068709010079669,2009,2,Norm,7
175000.0,19,Gilbert,house,Normal|WD,0,-0.0331491712707182,-0.0413633894622487,2007,2,Norm,6
210000.0,7,NWAmes,house,Normal|WD,0,0.1481683980317113,0.0621621621621621,2010,2,Norm,6
266500.0,3,Crawfor,house,Normal|WD,0,0.3283555307440784,0.6561604584527221,2010,1,Norm,7
142125.0,33,NAmes,house,Normal|WD,0,0.0151785714285714,0.0719424460431654,2010,1,Norm,5
147500.0,26,Edwards,house,Normal|WD,0,0.2114989733059548,0.10625,2008,1,Norm,5
